-- phpMyAdmin SQL Dump
-- version 4.0.4
-- http://www.phpmyadmin.net
--
-- Servidor: localhost
-- Tiempo de generación: 31-01-2017 a las 12:24:37
-- Versión del servidor: 5.6.12-log
-- Versión de PHP: 5.4.12

SET SQL_MODE = "NO_AUTO_VALUE_ON_ZERO";
SET time_zone = "+00:00";


/*!40101 SET @OLD_CHARACTER_SET_CLIENT=@@CHARACTER_SET_CLIENT */;
/*!40101 SET @OLD_CHARACTER_SET_RESULTS=@@CHARACTER_SET_RESULTS */;
/*!40101 SET @OLD_COLLATION_CONNECTION=@@COLLATION_CONNECTION */;
/*!40101 SET NAMES utf8 */;

--
-- Base de datos: `bd_gestion_correspondencia`
--
CREATE DATABASE IF NOT EXISTS `bd_gestion_correspondencia` DEFAULT CHARACTER SET latin1 COLLATE latin1_swedish_ci;
USE `bd_gestion_correspondencia`;

-- --------------------------------------------------------

--
-- Estructura de tabla para la tabla `cat_barrio`
--

CREATE TABLE IF NOT EXISTS `cat_barrio` (
  `ID_BARRIO` int(11) NOT NULL AUTO_INCREMENT,
  `CODIGO_BARRIO` varchar(50) DEFAULT NULL,
  `DESCRIPCION_BARRIO` varchar(100) NOT NULL,
  `FECHA_CREACION` timestamp(6) NOT NULL DEFAULT CURRENT_TIMESTAMP(6) ON UPDATE CURRENT_TIMESTAMP(6),
  `CAT_MUNICIPIO_ID_MUNICIPIO` int(11) NOT NULL,
  PRIMARY KEY (`ID_BARRIO`),
  KEY `fk_CAT_BARRIO_CAT_MUNICIPIO1_idx` (`CAT_MUNICIPIO_ID_MUNICIPIO`)
) ENGINE=InnoDB  DEFAULT CHARSET=latin1 AUTO_INCREMENT=24 ;

--
-- Volcado de datos para la tabla `cat_barrio`
--

INSERT INTO `cat_barrio` (`ID_BARRIO`, `CODIGO_BARRIO`, `DESCRIPCION_BARRIO`, `FECHA_CREACION`, `CAT_MUNICIPIO_ID_MUNICIPIO`) VALUES
(1, '418REC', 'EL RECUERDO', '2016-11-05 10:00:00.000000', 418),
(2, NULL, 'LA ALDEA', '2016-11-14 16:10:21.188214', 418),
(3, NULL, 'RINCÓN DE LA ALDEA', '2016-11-14 16:17:48.437795', 418),
(4, NULL, 'LA ESMERALDA', '2016-11-14 16:26:44.675466', 418),
(5, NULL, 'EL ARADO', '2016-11-14 16:31:00.601104', 429),
(6, NULL, 'MARÍA ORIENTE', '2016-11-14 22:52:54.028239', 418),
(7, NULL, 'MARÍA OCCIDENTE', '2016-11-15 03:31:17.513292', 418),
(8, NULL, 'RETIRO ALTO', '2016-11-15 03:35:51.704975', 418),
(9, NULL, 'RETIRO BAJO', '2016-11-15 03:51:30.898694', 418),
(10, NULL, 'LA PAZ', '2016-11-15 04:06:45.256992', 418),
(11, NULL, 'BELLA VISTA', '2016-11-15 04:12:55.687179', 418),
(12, NULL, 'EL HUVO', '2016-11-15 04:23:24.241131', 418),
(13, NULL, 'BOLIVAR', '2016-11-15 04:29:22.606628', 418),
(14, NULL, 'VALENCIA', '2016-11-15 23:13:21.856572', 418),
(15, NULL, 'CENTRO', '2016-11-15 23:26:59.581343', 418),
(16, NULL, 'ANTONIO NARIÑO', '2016-11-16 01:00:56.299409', 418),
(17, NULL, 'PANDIGUANDO', '2016-11-16 01:04:33.624839', 418),
(18, NULL, 'ELDEAN', '2016-11-16 01:14:57.906546', 418),
(19, NULL, 'LA ESTANCIA', '2016-11-16 02:26:38.868440', 418),
(20, NULL, 'ALCALÁ', '2016-11-16 23:55:38.908407', 418),
(21, NULL, 'SANTIAGO DE CALI', '2016-11-17 00:00:58.169632', 418),
(22, NULL, 'ALAMEDA', '2016-11-19 19:27:50.096247', 1071),
(23, NULL, 'LAS CRUCES', '2017-01-31 02:16:38.278289', 429);

-- --------------------------------------------------------

--
-- Estructura de tabla para la tabla `cat_cab_estado`
--

CREATE TABLE IF NOT EXISTS `cat_cab_estado` (
  `IDCAT_CAB_ESTADO` int(11) NOT NULL AUTO_INCREMENT,
  `DESCRIPCION_CAB_ESTADO` varchar(100) NOT NULL,
  PRIMARY KEY (`IDCAT_CAB_ESTADO`)
) ENGINE=InnoDB  DEFAULT CHARSET=latin1 AUTO_INCREMENT=2 ;

--
-- Volcado de datos para la tabla `cat_cab_estado`
--

INSERT INTO `cat_cab_estado` (`IDCAT_CAB_ESTADO`, `DESCRIPCION_CAB_ESTADO`) VALUES
(1, 'PLANILLA');

-- --------------------------------------------------------

--
-- Estructura de tabla para la tabla `cat_departamento`
--

CREATE TABLE IF NOT EXISTS `cat_departamento` (
  `ID_DEPARTAMENTO` int(11) NOT NULL AUTO_INCREMENT,
  `CODIGO_DEPARTAMENTO` varchar(50) NOT NULL,
  `DESCRIPCION_DEPARTAMENTO` varchar(100) NOT NULL,
  `FECHA_CREACION` timestamp(6) NOT NULL DEFAULT CURRENT_TIMESTAMP(6) ON UPDATE CURRENT_TIMESTAMP(6),
  PRIMARY KEY (`ID_DEPARTAMENTO`)
) ENGINE=InnoDB  DEFAULT CHARSET=latin1 AUTO_INCREMENT=33 ;

--
-- Volcado de datos para la tabla `cat_departamento`
--

INSERT INTO `cat_departamento` (`ID_DEPARTAMENTO`, `CODIGO_DEPARTAMENTO`, `DESCRIPCION_DEPARTAMENTO`, `FECHA_CREACION`) VALUES
(1, 'AMAZ', 'AMAZONAS', '2016-11-05 20:43:00.847478'),
(2, 'ANT', 'ANTIOQUIA', '2016-11-05 20:43:00.847478'),
(3, 'ARA', 'ARAUCA', '2016-11-05 20:43:00.847478'),
(4, 'ATL', 'ATLÁNTICO', '2016-11-05 20:43:00.847478'),
(5, 'BOL', 'BOLÍVAR', '2016-11-05 20:43:00.847478'),
(6, 'BOY', 'BOYACÁ', '2016-11-05 20:43:00.847478'),
(7, 'CAL', 'CALDAS', '2016-11-05 20:43:00.847478'),
(8, 'CAQ', 'CAQUETÁ', '2016-11-05 20:43:00.847478'),
(9, 'CAS', 'CASANARE', '2016-11-05 20:43:00.847478'),
(10, 'CAU', 'CAUCA', '2016-11-05 20:43:00.847478'),
(11, 'CES', 'CESAR', '2016-11-05 20:43:00.847478'),
(12, 'CHOC', 'CHOCÓ', '2016-11-05 20:43:00.847478'),
(13, 'COR', 'CÓRDOBA', '2016-11-05 20:43:00.847478'),
(14, 'CUN', 'CUNDINAMARCA', '2016-11-05 20:43:00.847478'),
(15, 'GUA', 'GUAINÍA', '2016-11-05 20:43:00.847478'),
(16, 'GUAV', 'GUAVIARE', '2016-11-05 20:43:00.847478'),
(17, 'HUI', 'HUILA', '2016-11-05 20:43:00.847478'),
(18, 'GUAJ', 'LA GUAJIRA', '2016-11-05 20:43:00.847478'),
(19, 'MAG', 'MAGDALENA', '2016-11-05 20:43:00.847478'),
(20, 'MET', 'META', '2016-11-05 20:43:00.847478'),
(21, 'NAR', 'NARIÑO', '2016-11-05 20:43:00.847478'),
(22, 'NSDER', 'NORTE DE SANTAN', '2016-11-05 20:43:00.847478'),
(23, 'PUT', 'PUTUMAYO', '2016-11-05 20:43:00.847478'),
(24, 'QUIN', 'QUINDÍO', '2016-11-05 20:43:00.847478'),
(25, 'RIS', 'RISARALDA', '2016-11-05 20:43:00.847478'),
(26, 'SANDP', 'SAN ANDRÉS Y RO', '2016-11-05 20:43:00.847478'),
(27, 'SDER', 'SANTANDER', '2016-11-05 20:43:00.847478'),
(28, 'SUC', 'SUCRE', '2016-11-05 20:43:00.847478'),
(29, 'TOL', 'TOLIMA', '2016-11-05 20:43:00.847478'),
(30, 'VCAU', 'VALLE DEL CAUCA', '2016-11-05 20:43:00.847478'),
(31, 'VAU', 'VAUPÉS', '2016-11-05 20:43:00.847478'),
(32, 'VICH', 'VICHADA', '2016-11-05 20:43:00.847478');

-- --------------------------------------------------------

--
-- Estructura de tabla para la tabla `cat_estado`
--

CREATE TABLE IF NOT EXISTS `cat_estado` (
  `ID_ESTADO` int(11) NOT NULL AUTO_INCREMENT,
  `CODIGO_ESTADO` varchar(50) NOT NULL,
  `DESCRIPCION_ESTADO` varchar(45) NOT NULL,
  `FECHA_CREACION` timestamp(6) NULL DEFAULT NULL,
  `CAT_CAB_ESTADO_IDCAT_CAB_ESTADO` int(11) NOT NULL,
  PRIMARY KEY (`ID_ESTADO`),
  KEY `fk_CAT_ESTADO_CAT_CAB_ESTADO1_idx` (`CAT_CAB_ESTADO_IDCAT_CAB_ESTADO`)
) ENGINE=InnoDB  DEFAULT CHARSET=latin1 AUTO_INCREMENT=2 ;

--
-- Volcado de datos para la tabla `cat_estado`
--

INSERT INTO `cat_estado` (`ID_ESTADO`, `CODIGO_ESTADO`, `DESCRIPCION_ESTADO`, `FECHA_CREACION`, `CAT_CAB_ESTADO_IDCAT_CAB_ESTADO`) VALUES
(1, 'ESTPLAN', 'DESPACHADO', '2016-11-05 10:00:00.000000', 1);

-- --------------------------------------------------------

--
-- Estructura de tabla para la tabla `cat_mensajes`
--

CREATE TABLE IF NOT EXISTS `cat_mensajes` (
  `ID_MENSAJES` int(11) NOT NULL AUTO_INCREMENT,
  `CODIGO_MENSAJES` varchar(50) NOT NULL,
  `DESCRIPCION_MENSAJES` varchar(100) NOT NULL,
  `FECHA_CREACION` timestamp(6) NOT NULL DEFAULT CURRENT_TIMESTAMP(6) ON UPDATE CURRENT_TIMESTAMP(6),
  PRIMARY KEY (`ID_MENSAJES`)
) ENGINE=InnoDB DEFAULT CHARSET=latin1 AUTO_INCREMENT=1 ;

-- --------------------------------------------------------

--
-- Estructura de tabla para la tabla `cat_menu`
--

CREATE TABLE IF NOT EXISTS `cat_menu` (
  `ID_CAT_MENU` int(11) NOT NULL AUTO_INCREMENT,
  `COD_CAT_MENU` varchar(50) NOT NULL,
  `DESCRIPCION_CAT_MENU` varchar(100) NOT NULL,
  `URL` varchar(100) NOT NULL,
  `FECHA_CREACION` timestamp(6) NOT NULL DEFAULT CURRENT_TIMESTAMP(6) ON UPDATE CURRENT_TIMESTAMP(6),
  `CAT_TIPO_MENU_ID_TIPO_MENU` int(11) NOT NULL,
  `USUARIO_ID_USUARIO` int(11) NOT NULL,
  `CAT_MENU_ID_CAT_MENU` int(11) DEFAULT NULL,
  `CAT_ESTADO_ID_ESTADO` int(11) NOT NULL,
  PRIMARY KEY (`ID_CAT_MENU`),
  KEY `fk_CAT_MENU_CAT_TIPO_MENU1_idx` (`CAT_TIPO_MENU_ID_TIPO_MENU`),
  KEY `fk_CAT_MENU_USUARIO1_idx` (`USUARIO_ID_USUARIO`),
  KEY `fk_CAT_MENU_CAT_MENU1_idx` (`CAT_MENU_ID_CAT_MENU`),
  KEY `fk_CAT_MENU_CAT_ESTADO1_idx` (`CAT_ESTADO_ID_ESTADO`)
) ENGINE=InnoDB DEFAULT CHARSET=latin1 AUTO_INCREMENT=1 ;

-- --------------------------------------------------------

--
-- Estructura de tabla para la tabla `cat_municipio`
--

CREATE TABLE IF NOT EXISTS `cat_municipio` (
  `ID_MUNICIPIO` int(11) NOT NULL AUTO_INCREMENT,
  `CODIGO_MUNICIPIO` varchar(50) NOT NULL,
  `DESCRIPCION_MUNICIPIO` varchar(100) NOT NULL,
  `CAT_DEPARTAMENTO_ID_DEPARTAMENTO` int(11) NOT NULL,
  `CAT_INDICATIVO_ID_INDICATIVO` int(11) NOT NULL,
  `FECHA_CREACION` timestamp(6) NOT NULL DEFAULT CURRENT_TIMESTAMP(6) ON UPDATE CURRENT_TIMESTAMP(6),
  PRIMARY KEY (`ID_MUNICIPIO`),
  KEY `fk_CAT_MUNICIPIO_CAT_DEPARTAMENTO1_idx` (`CAT_DEPARTAMENTO_ID_DEPARTAMENTO`)
) ENGINE=InnoDB  DEFAULT CHARSET=latin1 AUTO_INCREMENT=1113 ;

--
-- Volcado de datos para la tabla `cat_municipio`
--

INSERT INTO `cat_municipio` (`ID_MUNICIPIO`, `CODIGO_MUNICIPIO`, `DESCRIPCION_MUNICIPIO`, `CAT_DEPARTAMENTO_ID_DEPARTAMENTO`, `CAT_INDICATIVO_ID_INDICATIVO`, `FECHA_CREACION`) VALUES
(1, '', 'EL ENCANTO', 1, 0, '2016-11-05 20:43:55.980800'),
(2, '', 'LA CHORRERA', 1, 0, '2016-11-05 20:43:55.980800'),
(3, '', 'LA PEDRERA', 1, 0, '2016-11-05 20:43:55.980800'),
(4, '', 'LA VICTORIA', 1, 0, '2016-11-05 20:43:55.980800'),
(5, '', 'LETICIA', 1, 0, '2016-11-05 20:43:55.980800'),
(6, '', 'MIRITI', 1, 0, '2016-11-05 20:43:55.980800'),
(7, '', 'PUERTO ALEGRIA', 1, 0, '2016-11-05 20:43:55.980800'),
(8, '', 'PUERTO ARICA', 1, 0, '2016-11-05 20:43:55.980800'),
(9, '', 'PUERTO NARIÑO', 1, 0, '2016-11-05 20:43:55.980800'),
(10, '', 'PUERTO SANTANDER', 1, 0, '2016-11-05 20:43:55.980800'),
(11, '', 'TURAPACA', 1, 0, '2016-11-05 20:43:55.980800'),
(12, '', 'ABEJORRAL', 2, 0, '2016-11-05 20:43:55.980800'),
(13, '', 'ABRIAQUI', 2, 0, '2016-11-05 20:43:55.980800'),
(14, '', 'ALEJANDRIA', 2, 0, '2016-11-05 20:43:55.980800'),
(15, '', 'AMAGA', 2, 0, '2016-11-05 20:43:55.980800'),
(16, '', 'AMALFI', 2, 0, '2016-11-05 20:43:55.980800'),
(17, '', 'ANDES', 2, 0, '2016-11-05 20:43:55.980800'),
(18, '', 'ANGELOPOLIS', 2, 0, '2016-11-05 20:43:55.980800'),
(19, '', 'ANGOSTURA', 2, 0, '2016-11-05 20:43:55.980800'),
(20, '', 'ANORI', 2, 0, '2016-11-05 20:43:55.980800'),
(21, '', 'ANTIOQUIA', 2, 0, '2016-11-05 20:43:55.980800'),
(22, '', 'ANZA', 2, 0, '2016-11-05 20:43:55.980800'),
(23, '', 'APARTADO', 2, 0, '2016-11-05 20:43:55.980800'),
(24, '', 'ARBOLETES', 2, 0, '2016-11-05 20:43:55.980800'),
(25, '', 'ARGELIA', 2, 0, '2016-11-05 20:43:55.980800'),
(26, '', 'ARMENIA', 2, 0, '2016-11-05 20:43:55.980800'),
(27, '', 'BARBOSA', 2, 0, '2016-11-05 20:43:55.980800'),
(28, '', 'BELLO', 2, 0, '2016-11-05 20:43:55.980800'),
(29, '', 'BELMIRA', 2, 0, '2016-11-05 20:43:55.980800'),
(30, '', 'BETANIA', 2, 0, '2016-11-05 20:43:55.980800'),
(31, '', 'BETULIA', 2, 0, '2016-11-05 20:43:55.980800'),
(32, '', 'BOLIVAR', 2, 0, '2016-11-05 20:43:55.980800'),
(33, '', 'BRICEÑO', 2, 0, '2016-11-05 20:43:55.980800'),
(34, '', 'BURITICA', 2, 0, '2016-11-05 20:43:55.980800'),
(35, '', 'CACERES', 2, 0, '2016-11-05 20:43:55.980800'),
(36, '', 'CAICEDO', 2, 0, '2016-11-05 20:43:55.980800'),
(37, '', 'CALDAS', 2, 0, '2016-11-05 20:43:55.980800'),
(38, '', 'CAMPAMENTO', 2, 0, '2016-11-05 20:43:55.980800'),
(39, '', 'CANASGORDAS', 2, 0, '2016-11-05 20:43:55.980800'),
(40, '', 'CARACOLI', 2, 0, '2016-11-05 20:43:55.980800'),
(41, '', 'CARAMANTA', 2, 0, '2016-11-05 20:43:55.980800'),
(42, '', 'CAREPA', 2, 0, '2016-11-05 20:43:55.980800'),
(43, '', 'CARMEN DE VIBORAL', 2, 0, '2016-11-05 20:43:55.980800'),
(44, '', 'CAROLINA DEL PRINCIPE', 2, 0, '2016-11-05 20:43:55.980800'),
(45, '', 'CAUCASIA', 2, 0, '2016-11-05 20:43:55.980800'),
(46, '', 'CHIGORODO', 2, 0, '2016-11-05 20:43:55.980800'),
(47, '', 'CISNEROS', 2, 0, '2016-11-05 20:43:55.980800'),
(48, '', 'COCORNA', 2, 0, '2016-11-05 20:43:55.980800'),
(49, '', 'CONCEPCION', 2, 0, '2016-11-05 20:43:55.980800'),
(50, '', 'CONCORDIA', 2, 0, '2016-11-05 20:43:55.980800'),
(51, '', 'COPACABANA', 2, 0, '2016-11-05 20:43:55.980800'),
(52, '', 'DABEIBA', 2, 0, '2016-11-05 20:43:55.980800'),
(53, '', 'DONMATIAS', 2, 0, '2016-11-05 20:43:55.980800'),
(54, '', 'EBEJICO', 2, 0, '2016-11-05 20:43:55.980800'),
(55, '', 'EL BAGRE', 2, 0, '2016-11-05 20:43:55.980800'),
(56, '', 'EL PENOL', 2, 0, '2016-11-05 20:43:55.980800'),
(57, '', 'EL RETIRO', 2, 0, '2016-11-05 20:43:55.980800'),
(58, '', 'ENTRERRIOS', 2, 0, '2016-11-05 20:43:55.980800'),
(59, '', 'ENVIGADO', 2, 0, '2016-11-05 20:43:55.980800'),
(60, '', 'FREDONIA', 2, 0, '2016-11-05 20:43:55.980800'),
(61, '', 'FRONTINO', 2, 0, '2016-11-05 20:43:55.980800'),
(62, '', 'GIRALDO', 2, 0, '2016-11-05 20:43:55.980800'),
(63, '', 'GIRARDOTA', 2, 0, '2016-11-05 20:43:55.980800'),
(64, '', 'GOMEZ PLATA', 2, 0, '2016-11-05 20:43:55.980800'),
(65, '', 'GRANADA', 2, 0, '2016-11-05 20:43:55.980800'),
(66, '', 'GUADALUPE', 2, 0, '2016-11-05 20:43:55.980800'),
(67, '', 'GUARNE', 2, 0, '2016-11-05 20:43:55.980800'),
(68, '', 'GUATAQUE', 2, 0, '2016-11-05 20:43:55.980800'),
(69, '', 'HELICONIA', 2, 0, '2016-11-05 20:43:55.980800'),
(70, '', 'HISPANIA', 2, 0, '2016-11-05 20:43:55.980800'),
(71, '', 'ITAGUI', 2, 0, '2016-11-05 20:43:55.980800'),
(72, '', 'ITUANGO', 2, 0, '2016-11-05 20:43:55.980800'),
(73, '', 'JARDIN', 2, 0, '2016-11-05 20:43:55.980800'),
(74, '', 'JERICO', 2, 0, '2016-11-05 20:43:55.980800'),
(75, '', 'LA CEJA', 2, 0, '2016-11-05 20:43:55.980800'),
(76, '', 'LA ESTRELLA', 2, 0, '2016-11-05 20:43:55.980800'),
(77, '', 'LA PINTADA', 2, 0, '2016-11-05 20:43:55.980800'),
(78, '', 'LA UNION', 2, 0, '2016-11-05 20:43:55.980800'),
(79, '', 'LIBORINA', 2, 0, '2016-11-05 20:43:55.980800'),
(80, '', 'MACEO', 2, 0, '2016-11-05 20:43:55.980800'),
(81, '', 'MARINILLA', 2, 0, '2016-11-05 20:43:55.980800'),
(82, '', 'MEDELLIN', 2, 0, '2016-11-05 20:43:55.980800'),
(83, '', 'MONTEBELLO', 2, 0, '2016-11-05 20:43:55.980800'),
(84, '', 'MURINDO', 2, 0, '2016-11-05 20:43:55.980800'),
(85, '', 'MUTATA', 2, 0, '2016-11-05 20:43:55.980800'),
(86, '', 'NARINO', 2, 0, '2016-11-05 20:43:55.980800'),
(87, '', 'NECHI', 2, 0, '2016-11-05 20:43:55.980800'),
(88, '', 'NECOCLI', 2, 0, '2016-11-05 20:43:55.980800'),
(89, '', 'OLAYA', 2, 0, '2016-11-05 20:43:55.980800'),
(90, '', 'PEQUE', 2, 0, '2016-11-05 20:43:55.980800'),
(91, '', 'PUEBLORRICO', 2, 0, '2016-11-05 20:43:55.980800'),
(92, '', 'PUERTO BERRIO', 2, 0, '2016-11-05 20:43:55.980800'),
(93, '', 'PUERTO NARE', 2, 0, '2016-11-05 20:43:55.980800'),
(94, '', 'PUERTO TRIUNFO', 2, 0, '2016-11-05 20:43:55.980800'),
(95, '', 'REMEDIOS', 2, 0, '2016-11-05 20:43:55.980800'),
(96, '', 'RIONEGRO', 2, 0, '2016-11-05 20:43:55.980800'),
(97, '', 'SABANALARGA', 2, 0, '2016-11-05 20:43:55.980800'),
(98, '', 'SABANETA', 2, 0, '2016-11-05 20:43:55.980800'),
(99, '', 'SALGAR', 2, 0, '2016-11-05 20:43:55.980800'),
(100, '', 'SAN ANDRES DE CUERQUIA', 2, 0, '2016-11-05 20:43:55.980800'),
(101, '', 'SAN CARLOS', 2, 0, '2016-11-05 20:43:55.980800'),
(102, '', 'SAN FRANCISCO', 2, 0, '2016-11-05 20:43:55.980800'),
(103, '', 'SAN JERONIMO', 2, 0, '2016-11-05 20:43:55.980800'),
(104, '', 'SAN JOSE DE LA MONTAÑA', 2, 0, '2016-11-05 20:43:55.980800'),
(105, '', 'SAN JUAN DE URABA', 2, 0, '2016-11-05 20:43:55.980800'),
(106, '', 'SAN LUIS', 2, 0, '2016-11-05 20:43:55.980800'),
(107, '', 'SAN PEDRO DE LOS MILAGROS', 2, 0, '2016-11-05 20:43:55.980800'),
(108, '', 'SAN PEDRO DE URABA', 2, 0, '2016-11-05 20:43:55.980800'),
(109, '', 'SAN RAFAEL', 2, 0, '2016-11-05 20:43:55.980800'),
(110, '', 'SAN ROQUE', 2, 0, '2016-11-05 20:43:55.980800'),
(111, '', 'SAN VICENTE', 2, 0, '2016-11-05 20:43:55.980800'),
(112, '', 'SANTA BARBARA', 2, 0, '2016-11-05 20:43:55.980800'),
(113, '', 'SANTA ROSA DE OSOS', 2, 0, '2016-11-05 20:43:55.980800'),
(114, '', 'SANTO DOMINGO', 2, 0, '2016-11-05 20:43:55.980800'),
(115, '', 'SANTUARIO', 2, 0, '2016-11-05 20:43:55.980800'),
(116, '', 'SEGOVIA', 2, 0, '2016-11-05 20:43:55.980800'),
(117, '', 'SONSON', 2, 0, '2016-11-05 20:43:55.980800'),
(118, '', 'SOPETRAN', 2, 0, '2016-11-05 20:43:55.980800'),
(119, '', 'TAMESIS', 2, 0, '2016-11-05 20:43:55.980800'),
(120, '', 'TARAZA', 2, 0, '2016-11-05 20:43:55.980800'),
(121, '', 'TARSO', 2, 0, '2016-11-05 20:43:55.980800'),
(122, '', 'TITIRIBI', 2, 0, '2016-11-05 20:43:55.980800'),
(123, '', 'TOLEDO', 2, 0, '2016-11-05 20:43:55.980800'),
(124, '', 'TURBO', 2, 0, '2016-11-05 20:43:55.980800'),
(125, '', 'URAMITA', 2, 0, '2016-11-05 20:43:55.980800'),
(126, '', 'URRAO', 2, 0, '2016-11-05 20:43:55.980800'),
(127, '', 'VALDIVIA', 2, 0, '2016-11-05 20:43:55.980800'),
(128, '', 'VALPARAISO', 2, 0, '2016-11-05 20:43:55.980800'),
(129, '', 'VEGACHI', 2, 0, '2016-11-05 20:43:55.980800'),
(130, '', 'VENECIA', 2, 0, '2016-11-05 20:43:55.980800'),
(131, '', 'VIGIA DEL FUERTE', 2, 0, '2016-11-05 20:43:55.980800'),
(132, '', 'YALI', 2, 0, '2016-11-05 20:43:55.980800'),
(133, '', 'YARUMAL', 2, 0, '2016-11-05 20:43:55.980800'),
(134, '', 'YOLOMBO', 2, 0, '2016-11-05 20:43:55.980800'),
(135, '', 'YONDO', 2, 0, '2016-11-05 20:43:55.980800'),
(136, '', 'ZARAGOZA', 2, 0, '2016-11-05 20:43:55.980800'),
(137, '', 'ARAUCA', 3, 0, '2016-11-05 20:43:55.980800'),
(138, '', 'ARAUQUITA', 3, 0, '2016-11-05 20:43:55.980800'),
(139, '', 'CRAVO NORTE', 3, 0, '2016-11-05 20:43:55.980800'),
(140, '', 'FORTUL', 3, 0, '2016-11-05 20:43:55.980800'),
(141, '', 'PUERTO RONDON', 3, 0, '2016-11-05 20:43:55.980800'),
(142, '', 'SARAVENA', 3, 0, '2016-11-05 20:43:55.980800'),
(143, '', 'TAME', 3, 0, '2016-11-05 20:43:55.980800'),
(144, '', 'BARANOA', 4, 0, '2016-11-05 20:43:55.980800'),
(145, '', 'BARRANQUILLA', 4, 0, '2016-11-05 20:43:55.980800'),
(146, '', 'CAMPO DE LA CRUZ', 4, 0, '2016-11-05 20:43:55.980800'),
(147, '', 'CANDELARIA', 4, 0, '2016-11-05 20:43:55.980800'),
(148, '', 'GALAPA', 4, 0, '2016-11-05 20:43:55.980800'),
(149, '', 'JUAN DE ACOSTA', 4, 0, '2016-11-05 20:43:55.980800'),
(150, '', 'LURUACO', 4, 0, '2016-11-05 20:43:55.980800'),
(151, '', 'MALAMBO', 4, 0, '2016-11-05 20:43:55.980800'),
(152, '', 'MANATI', 4, 0, '2016-11-05 20:43:55.980800'),
(153, '', 'PALMAR DE VARELA', 4, 0, '2016-11-05 20:43:55.980800'),
(154, '', 'PIOJO', 4, 0, '2016-11-05 20:43:55.980800'),
(155, '', 'POLO NUEVO', 4, 0, '2016-11-05 20:43:55.980800'),
(156, '', 'PONEDERA', 4, 0, '2016-11-05 20:43:55.980800'),
(157, '', 'PUERTO COLOMBIA', 4, 0, '2016-11-05 20:43:55.980800'),
(158, '', 'REPELON', 4, 0, '2016-11-05 20:43:55.980800'),
(159, '', 'SABANAGRANDE', 4, 0, '2016-11-05 20:43:55.980800'),
(160, '', 'SABANALARGA', 4, 0, '2016-11-05 20:43:55.980800'),
(161, '', 'SANTA LUCIA', 4, 0, '2016-11-05 20:43:55.980800'),
(162, '', 'SANTO TOMAS', 4, 0, '2016-11-05 20:43:55.980800'),
(163, '', 'SOLEDAD', 4, 0, '2016-11-05 20:43:55.980800'),
(164, '', 'SUAN', 4, 0, '2016-11-05 20:43:55.980800'),
(165, '', 'TUBARA', 4, 0, '2016-11-05 20:43:55.980800'),
(166, '', 'USIACURI', 4, 0, '2016-11-05 20:43:55.980800'),
(167, '', 'ACHI', 5, 0, '2016-11-05 20:43:55.980800'),
(168, '', 'ALTOS DEL ROSARIO', 5, 0, '2016-11-05 20:43:55.980800'),
(169, '', 'ARENAL', 5, 0, '2016-11-05 20:43:55.980800'),
(170, '', 'ARJONA', 5, 0, '2016-11-05 20:43:55.980800'),
(171, '', 'ARROYOHONDO', 5, 0, '2016-11-05 20:43:55.980800'),
(172, '', 'BARRANCO DE LOBA', 5, 0, '2016-11-05 20:43:55.980800'),
(173, '', 'BRAZUELO DE PAPAYAL', 5, 0, '2016-11-05 20:43:55.980800'),
(174, '', 'CALAMAR', 5, 0, '2016-11-05 20:43:55.980800'),
(175, '', 'CANTAGALLO', 5, 0, '2016-11-05 20:43:55.980800'),
(176, '', 'CARTAGENA DE INDIAS', 5, 0, '2016-11-05 20:43:55.980800'),
(177, '', 'CICUCO', 5, 0, '2016-11-05 20:43:55.980800'),
(178, '', 'CLEMENCIA', 5, 0, '2016-11-05 20:43:55.980800'),
(179, '', 'CORDOBA', 5, 0, '2016-11-05 20:43:55.980800'),
(180, '', 'EL CARMEN DE BOLIVAR', 5, 0, '2016-11-05 20:43:55.980800'),
(181, '', 'EL GUAMO', 5, 0, '2016-11-05 20:43:55.980800'),
(182, '', 'EL PENION', 5, 0, '2016-11-05 20:43:55.980800'),
(183, '', 'HATILLO DE LOBA', 5, 0, '2016-11-05 20:43:55.980800'),
(184, '', 'MAGANGUE', 5, 0, '2016-11-05 20:43:55.980800'),
(185, '', 'MAHATES', 5, 0, '2016-11-05 20:43:55.980800'),
(186, '', 'MARGARITA', 5, 0, '2016-11-05 20:43:55.980800'),
(187, '', 'MARIA LA BAJA', 5, 0, '2016-11-05 20:43:55.980800'),
(188, '', 'MONTECRISTO', 5, 0, '2016-11-05 20:43:55.980800'),
(189, '', 'MORALES', 5, 0, '2016-11-05 20:43:55.980800'),
(190, '', 'MORALES', 5, 0, '2016-11-05 20:43:55.980800'),
(191, '', 'NOROSI', 5, 0, '2016-11-05 20:43:55.980800'),
(192, '', 'PINILLOS', 5, 0, '2016-11-05 20:43:55.980800'),
(193, '', 'REGIDOR', 5, 0, '2016-11-05 20:43:55.980800'),
(194, '', 'RIO VIEJO', 5, 0, '2016-11-05 20:43:55.980800'),
(195, '', 'SAN CRISTOBAL', 5, 0, '2016-11-05 20:43:55.980800'),
(196, '', 'SAN ESTANISLAO', 5, 0, '2016-11-05 20:43:55.980800'),
(197, '', 'SAN FERNANDO', 5, 0, '2016-11-05 20:43:55.980800'),
(198, '', 'SAN JACINTO', 5, 0, '2016-11-05 20:43:55.980800'),
(199, '', 'SAN JACINTO DEL CAUCA', 5, 0, '2016-11-05 20:43:55.980800'),
(200, '', 'SAN JUAN DE NEPOMUCENO', 5, 0, '2016-11-05 20:43:55.980800'),
(201, '', 'SAN MARTIN DE LOBA', 5, 0, '2016-11-05 20:43:55.980800'),
(202, '', 'SAN PABLO', 5, 0, '2016-11-05 20:43:55.980800'),
(203, '', 'SAN PABLO NORTE', 5, 0, '2016-11-05 20:43:55.980800'),
(204, '', 'SANTA CATALINA', 5, 0, '2016-11-05 20:43:55.980800'),
(205, '', 'SANTA CRUZ DE MOMPOX', 5, 0, '2016-11-05 20:43:55.980800'),
(206, '', 'SANTA ROSA', 5, 0, '2016-11-05 20:43:55.980800'),
(207, '', 'SANTA ROSA DEL SUR', 5, 0, '2016-11-05 20:43:55.980800'),
(208, '', 'SIMITI', 5, 0, '2016-11-05 20:43:55.980800'),
(209, '', 'SOPLAVIENTO', 5, 0, '2016-11-05 20:43:55.980800'),
(210, '', 'TALAIGUA NUEVO', 5, 0, '2016-11-05 20:43:55.980800'),
(211, '', 'TUQUISIO', 5, 0, '2016-11-05 20:43:55.980800'),
(212, '', 'TURBACO', 5, 0, '2016-11-05 20:43:55.980800'),
(213, '', 'TURBANA', 5, 0, '2016-11-05 20:43:55.980800'),
(214, '', 'VILLANUEVA', 5, 0, '2016-11-05 20:43:55.980800'),
(215, '', 'ZAMBRANO', 5, 0, '2016-11-05 20:43:55.980800'),
(216, '', 'AQUITANIA', 6, 0, '2016-11-05 20:43:55.980800'),
(217, '', 'ARCABUCO', 6, 0, '2016-11-05 20:43:55.980800'),
(218, '', 'BELÉN', 6, 0, '2016-11-05 20:43:55.980800'),
(219, '', 'BERBEO', 6, 0, '2016-11-05 20:43:55.980800'),
(220, '', 'BETÉITIVA', 6, 0, '2016-11-05 20:43:55.980800'),
(221, '', 'BOAVITA', 6, 0, '2016-11-05 20:43:55.980800'),
(222, '', 'BOYACÁ', 6, 0, '2016-11-05 20:43:55.980800'),
(223, '', 'BRICEÑO', 6, 0, '2016-11-05 20:43:55.980800'),
(224, '', 'BUENAVISTA', 6, 0, '2016-11-05 20:43:55.980800'),
(225, '', 'BUSBANZÁ', 6, 0, '2016-11-05 20:43:55.980800'),
(226, '', 'CALDAS', 6, 0, '2016-11-05 20:43:55.980800'),
(227, '', 'CAMPO HERMOSO', 6, 0, '2016-11-05 20:43:55.980800'),
(228, '', 'CERINZA', 6, 0, '2016-11-05 20:43:55.980800'),
(229, '', 'CHINAVITA', 6, 0, '2016-11-05 20:43:55.980800'),
(230, '', 'CHIQUINQUIRÁ', 6, 0, '2016-11-05 20:43:55.980800'),
(231, '', 'CHÍQUIZA', 6, 0, '2016-11-05 20:43:55.980800'),
(232, '', 'CHISCAS', 6, 0, '2016-11-05 20:43:55.980800'),
(233, '', 'CHITA', 6, 0, '2016-11-05 20:43:55.980800'),
(234, '', 'CHITARAQUE', 6, 0, '2016-11-05 20:43:55.980800'),
(235, '', 'CHIVATÁ', 6, 0, '2016-11-05 20:43:55.980800'),
(236, '', 'CIÉNEGA', 6, 0, '2016-11-05 20:43:55.980800'),
(237, '', 'CÓMBITA', 6, 0, '2016-11-05 20:43:55.980800'),
(238, '', 'COPER', 6, 0, '2016-11-05 20:43:55.980800'),
(239, '', 'CORRALES', 6, 0, '2016-11-05 20:43:55.980800'),
(240, '', 'COVARACHÍA', 6, 0, '2016-11-05 20:43:55.980800'),
(241, '', 'CUBARA', 6, 0, '2016-11-05 20:43:55.980800'),
(242, '', 'CUCAITA', 6, 0, '2016-11-05 20:43:55.980800'),
(243, '', 'CUITIVA', 6, 0, '2016-11-05 20:43:55.980800'),
(244, '', 'DUITAMA', 6, 0, '2016-11-05 20:43:55.980800'),
(245, '', 'EL COCUY', 6, 0, '2016-11-05 20:43:55.980800'),
(246, '', 'EL ESPINO', 6, 0, '2016-11-05 20:43:55.980800'),
(247, '', 'FIRAVITOBA', 6, 0, '2016-11-05 20:43:55.980800'),
(248, '', 'FLORESTA', 6, 0, '2016-11-05 20:43:55.980800'),
(249, '', 'GACHANTIVÁ', 6, 0, '2016-11-05 20:43:55.980800'),
(250, '', 'GÁMEZA', 6, 0, '2016-11-05 20:43:55.980800'),
(251, '', 'GARAGOA', 6, 0, '2016-11-05 20:43:55.980800'),
(252, '', 'GUACAMAYAS', 6, 0, '2016-11-05 20:43:55.980800'),
(253, '', 'GÜICÁN', 6, 0, '2016-11-05 20:43:55.980800'),
(254, '', 'IZA', 6, 0, '2016-11-05 20:43:55.980800'),
(255, '', 'JENESANO', 6, 0, '2016-11-05 20:43:55.980800'),
(256, '', 'JERICÓ', 6, 0, '2016-11-05 20:43:55.980800'),
(257, '', 'LA UVITA', 6, 0, '2016-11-05 20:43:55.980800'),
(258, '', 'LA VICTORIA', 6, 0, '2016-11-05 20:43:55.980800'),
(259, '', 'LABRANZA GRANDE', 6, 0, '2016-11-05 20:43:55.980800'),
(260, '', 'MACANAL', 6, 0, '2016-11-05 20:43:55.980800'),
(261, '', 'MARIPÍ', 6, 0, '2016-11-05 20:43:55.980800'),
(262, '', 'MIRAFLORES', 6, 0, '2016-11-05 20:43:55.980800'),
(263, '', 'MONGUA', 6, 0, '2016-11-05 20:43:55.980800'),
(264, '', 'MONGUÍ', 6, 0, '2016-11-05 20:43:55.980800'),
(265, '', 'MONIQUIRÁ', 6, 0, '2016-11-05 20:43:55.980800'),
(266, '', 'MOTAVITA', 6, 0, '2016-11-05 20:43:55.980800'),
(267, '', 'MUZO', 6, 0, '2016-11-05 20:43:55.980800'),
(268, '', 'NOBSA', 6, 0, '2016-11-05 20:43:55.980800'),
(269, '', 'NUEVO COLÓN', 6, 0, '2016-11-05 20:43:55.980800'),
(270, '', 'OICATÁ', 6, 0, '2016-11-05 20:43:55.980800'),
(271, '', 'OTANCHE', 6, 0, '2016-11-05 20:43:55.980800'),
(272, '', 'PACHAVITA', 6, 0, '2016-11-05 20:43:55.980800'),
(273, '', 'PÁEZ', 6, 0, '2016-11-05 20:43:55.980800'),
(274, '', 'PAIPA', 6, 0, '2016-11-05 20:43:55.980800'),
(275, '', 'PAJARITO', 6, 0, '2016-11-05 20:43:55.980800'),
(276, '', 'PANQUEBA', 6, 0, '2016-11-05 20:43:55.980800'),
(277, '', 'PAUNA', 6, 0, '2016-11-05 20:43:55.980800'),
(278, '', 'PAYA', 6, 0, '2016-11-05 20:43:55.980800'),
(279, '', 'PAZ DE RÍO', 6, 0, '2016-11-05 20:43:55.980800'),
(280, '', 'PESCA', 6, 0, '2016-11-05 20:43:55.980800'),
(281, '', 'PISBA', 6, 0, '2016-11-05 20:43:55.980800'),
(282, '', 'PUERTO BOYACA', 6, 0, '2016-11-05 20:43:55.980800'),
(283, '', 'QUÍPAMA', 6, 0, '2016-11-05 20:43:55.980800'),
(284, '', 'RAMIRIQUÍ', 6, 0, '2016-11-05 20:43:55.980800'),
(285, '', 'RÁQUIRA', 6, 0, '2016-11-05 20:43:55.980800'),
(286, '', 'RONDÓN', 6, 0, '2016-11-05 20:43:55.980800'),
(287, '', 'SABOYÁ', 6, 0, '2016-11-05 20:43:55.980800'),
(288, '', 'SÁCHICA', 6, 0, '2016-11-05 20:43:55.980800'),
(289, '', 'SAMACÁ', 6, 0, '2016-11-05 20:43:55.980800'),
(290, '', 'SAN EDUARDO', 6, 0, '2016-11-05 20:43:55.980800'),
(291, '', 'SAN JOSÉ DE PARE', 6, 0, '2016-11-05 20:43:55.980800'),
(292, '', 'SAN LUÍS DE GACENO', 6, 0, '2016-11-05 20:43:55.980800'),
(293, '', 'SAN MATEO', 6, 0, '2016-11-05 20:43:55.980800'),
(294, '', 'SAN MIGUEL DE SEMA', 6, 0, '2016-11-05 20:43:55.980800'),
(295, '', 'SAN PABLO DE BORBUR', 6, 0, '2016-11-05 20:43:55.980800'),
(296, '', 'SANTA MARÍA', 6, 0, '2016-11-05 20:43:55.980800'),
(297, '', 'SANTA ROSA DE VITERBO', 6, 0, '2016-11-05 20:43:55.980800'),
(298, '', 'SANTA SOFÍA', 6, 0, '2016-11-05 20:43:55.980800'),
(299, '', 'SANTANA', 6, 0, '2016-11-05 20:43:55.980800'),
(300, '', 'SATIVANORTE', 6, 0, '2016-11-05 20:43:55.980800'),
(301, '', 'SATIVASUR', 6, 0, '2016-11-05 20:43:55.980800'),
(302, '', 'SIACHOQUE', 6, 0, '2016-11-05 20:43:55.980800'),
(303, '', 'SOATÁ', 6, 0, '2016-11-05 20:43:55.980800'),
(304, '', 'SOCHA', 6, 0, '2016-11-05 20:43:55.980800'),
(305, '', 'SOCOTÁ', 6, 0, '2016-11-05 20:43:55.980800'),
(306, '', 'SOGAMOSO', 6, 0, '2016-11-05 20:43:55.980800'),
(307, '', 'SORA', 6, 0, '2016-11-05 20:43:55.980800'),
(308, '', 'SORACÁ', 6, 0, '2016-11-05 20:43:55.980800'),
(309, '', 'SOTAQUIRÁ', 6, 0, '2016-11-05 20:43:55.980800'),
(310, '', 'SUSACÓN', 6, 0, '2016-11-05 20:43:55.980800'),
(311, '', 'SUTARMACHÁN', 6, 0, '2016-11-05 20:43:55.980800'),
(312, '', 'TASCO', 6, 0, '2016-11-05 20:43:55.980800'),
(313, '', 'TIBANÁ', 6, 0, '2016-11-05 20:43:55.980800'),
(314, '', 'TIBASOSA', 6, 0, '2016-11-05 20:43:55.980800'),
(315, '', 'TINJACÁ', 6, 0, '2016-11-05 20:43:55.980800'),
(316, '', 'TIPACOQUE', 6, 0, '2016-11-05 20:43:55.980800'),
(317, '', 'TOCA', 6, 0, '2016-11-05 20:43:55.980800'),
(318, '', 'TOGÜÍ', 6, 0, '2016-11-05 20:43:55.980800'),
(319, '', 'TÓPAGA', 6, 0, '2016-11-05 20:43:55.980800'),
(320, '', 'TOTA', 6, 0, '2016-11-05 20:43:55.980800'),
(321, '', 'TUNJA', 6, 0, '2016-11-05 20:43:55.980800'),
(322, '', 'TUNUNGUÁ', 6, 0, '2016-11-05 20:43:55.980800'),
(323, '', 'TURMEQUÉ', 6, 0, '2016-11-05 20:43:55.980800'),
(324, '', 'TUTA', 6, 0, '2016-11-05 20:43:55.980800'),
(325, '', 'TUTAZÁ', 6, 0, '2016-11-05 20:43:55.980800'),
(326, '', 'UMBITA', 6, 0, '2016-11-05 20:43:55.980800'),
(327, '', 'VENTA QUEMADA', 6, 0, '2016-11-05 20:43:55.980800'),
(328, '', 'VILLA DE LEYVA', 6, 0, '2016-11-05 20:43:55.980800'),
(329, '', 'VIRACACHÁ', 6, 0, '2016-11-05 20:43:55.980800'),
(330, '', 'ZETAQUIRA', 6, 0, '2016-11-05 20:43:55.980800'),
(331, '', 'AGUADAS', 7, 0, '2016-11-05 20:43:55.980800'),
(332, '', 'ANSERMA', 7, 0, '2016-11-05 20:43:55.980800'),
(333, '', 'ARANZAZU', 7, 0, '2016-11-05 20:43:55.980800'),
(334, '', 'BELALCAZAR', 7, 0, '2016-11-05 20:43:55.980800'),
(335, '', 'CHINCHINÁ', 7, 0, '2016-11-05 20:43:55.980800'),
(336, '', 'FILADELFIA', 7, 0, '2016-11-05 20:43:55.980800'),
(337, '', 'LA DORADA', 7, 0, '2016-11-05 20:43:55.980800'),
(338, '', 'LA MERCED', 7, 0, '2016-11-05 20:43:55.980800'),
(339, '', 'MANIZALES', 7, 0, '2016-11-05 20:43:55.980800'),
(340, '', 'MANZANARES', 7, 0, '2016-11-05 20:43:55.980800'),
(341, '', 'MARMATO', 7, 0, '2016-11-05 20:43:55.980800'),
(342, '', 'MARQUETALIA', 7, 0, '2016-11-05 20:43:55.980800'),
(343, '', 'MARULANDA', 7, 0, '2016-11-05 20:43:55.980800'),
(344, '', 'NEIRA', 7, 0, '2016-11-05 20:43:55.980800'),
(345, '', 'NORCASIA', 7, 0, '2016-11-05 20:43:55.980800'),
(346, '', 'PACORA', 7, 0, '2016-11-05 20:43:55.980800'),
(347, '', 'PALESTINA', 7, 0, '2016-11-05 20:43:55.980800'),
(348, '', 'PENSILVANIA', 7, 0, '2016-11-05 20:43:55.980800'),
(349, '', 'RIOSUCIO', 7, 0, '2016-11-05 20:43:55.980800'),
(350, '', 'RISARALDA', 7, 0, '2016-11-05 20:43:55.980800'),
(351, '', 'SALAMINA', 7, 0, '2016-11-05 20:43:55.980800'),
(352, '', 'SAMANA', 7, 0, '2016-11-05 20:43:55.980800'),
(353, '', 'SAN JOSE', 7, 0, '2016-11-05 20:43:55.980800'),
(354, '', 'SUPÍA', 7, 0, '2016-11-05 20:43:55.980800'),
(355, '', 'VICTORIA', 7, 0, '2016-11-05 20:43:55.980800'),
(356, '', 'VILLAMARÍA', 7, 0, '2016-11-05 20:43:55.980800'),
(357, '', 'VITERBO', 7, 0, '2016-11-05 20:43:55.980800'),
(358, '', 'ALBANIA', 8, 0, '2016-11-05 20:43:55.980800'),
(359, '', 'BELÉN ANDAQUIES', 8, 0, '2016-11-05 20:43:55.980800'),
(360, '', 'CARTAGENA DEL CHAIRA', 8, 0, '2016-11-05 20:43:55.980800'),
(361, '', 'CURILLO', 8, 0, '2016-11-05 20:43:55.980800'),
(362, '', 'EL DONCELLO', 8, 0, '2016-11-05 20:43:55.980800'),
(363, '', 'EL PAUJIL', 8, 0, '2016-11-05 20:43:55.980800'),
(364, '', 'FLORENCIA', 8, 0, '2016-11-05 20:43:55.980800'),
(365, '', 'LA MONTAÑITA', 8, 0, '2016-11-05 20:43:55.980800'),
(366, '', 'MILÁN', 8, 0, '2016-11-05 20:43:55.980800'),
(367, '', 'MORELIA', 8, 0, '2016-11-05 20:43:55.980800'),
(368, '', 'PUERTO RICO', 8, 0, '2016-11-05 20:43:55.980800'),
(369, '', 'SAN  VICENTE DEL CAGUAN', 8, 0, '2016-11-05 20:43:55.980800'),
(370, '', 'SAN JOSÉ DE FRAGUA', 8, 0, '2016-11-05 20:43:55.980800'),
(371, '', 'SOLANO', 8, 0, '2016-11-05 20:43:55.980800'),
(372, '', 'SOLITA', 8, 0, '2016-11-05 20:43:55.980800'),
(373, '', 'VALPARAÍSO', 8, 0, '2016-11-05 20:43:55.980800'),
(374, '', 'AGUAZUL', 9, 0, '2016-11-05 20:43:55.980800'),
(375, '', 'CHAMEZA', 9, 0, '2016-11-05 20:43:55.980800'),
(376, '', 'HATO COROZAL', 9, 0, '2016-11-05 20:43:55.980800'),
(377, '', 'LA SALINA', 9, 0, '2016-11-05 20:43:55.980800'),
(378, '', 'MANÍ', 9, 0, '2016-11-05 20:43:55.980800'),
(379, '', 'MONTERREY', 9, 0, '2016-11-05 20:43:55.980800'),
(380, '', 'NUNCHIA', 9, 0, '2016-11-05 20:43:55.980800'),
(381, '', 'OROCUE', 9, 0, '2016-11-05 20:43:55.980800'),
(382, '', 'PAZ DE ARIPORO', 9, 0, '2016-11-05 20:43:55.980800'),
(383, '', 'PORE', 9, 0, '2016-11-05 20:43:55.980800'),
(384, '', 'RECETOR', 9, 0, '2016-11-05 20:43:55.980800'),
(385, '', 'SABANA LARGA', 9, 0, '2016-11-05 20:43:55.980800'),
(386, '', 'SACAMA', 9, 0, '2016-11-05 20:43:55.980800'),
(387, '', 'SAN LUIS DE PALENQUE', 9, 0, '2016-11-05 20:43:55.980800'),
(388, '', 'TAMARA', 9, 0, '2016-11-05 20:43:55.980800'),
(389, '', 'TAURAMENA', 9, 0, '2016-11-05 20:43:55.980800'),
(390, '', 'TRINIDAD', 9, 0, '2016-11-05 20:43:55.980800'),
(391, '', 'VILLANUEVA', 9, 0, '2016-11-05 20:43:55.980800'),
(392, '', 'YOPAL', 9, 0, '2016-11-05 20:43:55.980800'),
(393, '', 'ALMAGUER', 10, 0, '2016-11-05 20:43:55.980800'),
(394, '', 'ARGELIA', 10, 0, '2016-11-05 20:43:55.980800'),
(395, '', 'BALBOA', 10, 0, '2016-11-05 20:43:55.980800'),
(396, '', 'BOLÍVAR', 10, 0, '2016-11-05 20:43:55.980800'),
(397, '', 'BUENOS AIRES', 10, 0, '2016-11-05 20:43:55.980800'),
(398, '', 'CAJIBIO', 10, 0, '2016-11-05 20:43:55.980800'),
(399, '', 'CALDONO', 10, 0, '2016-11-05 20:43:55.980800'),
(400, '', 'CALOTO', 10, 0, '2016-11-05 20:43:55.980800'),
(401, '', 'CORINTO', 10, 0, '2016-11-05 20:43:55.980800'),
(402, '', 'EL TAMBO', 10, 0, '2016-11-05 20:43:55.980800'),
(403, '', 'FLORENCIA', 10, 0, '2016-11-05 20:43:55.980800'),
(404, '', 'GUAPI', 10, 0, '2016-11-05 20:43:55.980800'),
(405, '', 'INZA', 10, 0, '2016-11-05 20:43:55.980800'),
(406, '', 'JAMBALÓ', 10, 0, '2016-11-05 20:43:55.980800'),
(407, '', 'LA SIERRA', 10, 0, '2016-11-05 20:43:55.980800'),
(408, '', 'LA VEGA', 10, 0, '2016-11-05 20:43:55.980800'),
(409, '', 'LÓPEZ', 10, 0, '2016-11-05 20:43:55.980800'),
(410, '', 'MERCADERES', 10, 0, '2016-11-05 20:43:55.980800'),
(411, '', 'MIRANDA', 10, 0, '2016-11-05 20:43:55.980800'),
(412, '', 'MORALES', 10, 0, '2016-11-05 20:43:55.980800'),
(413, '', 'PADILLA', 10, 0, '2016-11-05 20:43:55.980800'),
(414, '', 'PÁEZ', 10, 0, '2016-11-05 20:43:55.980800'),
(415, '', 'PATIA (EL BORDO)', 10, 0, '2016-11-05 20:43:55.980800'),
(416, '', 'PIAMONTE', 10, 0, '2016-11-05 20:43:55.980800'),
(417, '', 'PIENDAMO', 10, 0, '2016-11-05 20:43:55.980800'),
(418, '', 'POPAYÁN', 10, 0, '2016-11-05 20:43:55.980800'),
(419, '', 'PUERTO TEJADA', 10, 0, '2016-11-05 20:43:55.980800'),
(420, '', 'PURACE', 10, 0, '2016-11-05 20:43:55.980800'),
(421, '', 'ROSAS', 10, 0, '2016-11-05 20:43:55.980800'),
(422, '', 'SAN SEBASTIÁN', 10, 0, '2016-11-05 20:43:55.980800'),
(423, '', 'SANTA ROSA', 10, 0, '2016-11-05 20:43:55.980800'),
(424, '', 'SANTANDER DE QUILICHAO', 10, 0, '2016-11-05 20:43:55.980800'),
(425, '', 'SILVIA', 10, 0, '2016-11-05 20:43:55.980800'),
(426, '', 'SOTARA', 10, 0, '2016-11-05 20:43:55.980800'),
(427, '', 'SUÁREZ', 10, 0, '2016-11-05 20:43:55.980800'),
(428, '', 'SUCRE', 10, 0, '2016-11-05 20:43:55.980800'),
(429, '', 'TIMBÍO', 10, 0, '2016-11-05 20:43:55.980800'),
(430, '', 'TIMBIQUÍ', 10, 0, '2016-11-05 20:43:55.980800'),
(431, '', 'TORIBIO', 10, 0, '2016-11-05 20:43:55.980800'),
(432, '', 'TOTORO', 10, 0, '2016-11-05 20:43:55.980800'),
(433, '', 'VILLA RICA', 10, 0, '2016-11-05 20:43:55.980800'),
(434, '', 'AGUACHICA', 11, 0, '2016-11-05 20:43:55.980800'),
(435, '', 'AGUSTÍN CODAZZI', 11, 0, '2016-11-05 20:43:55.980800'),
(436, '', 'ASTREA', 11, 0, '2016-11-05 20:43:55.980800'),
(437, '', 'BECERRIL', 11, 0, '2016-11-05 20:43:55.980800'),
(438, '', 'BOSCONIA', 11, 0, '2016-11-05 20:43:55.980800'),
(439, '', 'CHIMICHAGUA', 11, 0, '2016-11-05 20:43:55.980800'),
(440, '', 'CHIRIGUANÁ', 11, 0, '2016-11-05 20:43:55.980800'),
(441, '', 'CURUMANÍ', 11, 0, '2016-11-05 20:43:55.980800'),
(442, '', 'EL COPEY', 11, 0, '2016-11-05 20:43:55.980800'),
(443, '', 'EL PASO', 11, 0, '2016-11-05 20:43:55.980800'),
(444, '', 'GAMARRA', 11, 0, '2016-11-05 20:43:55.980800'),
(445, '', 'GONZÁLEZ', 11, 0, '2016-11-05 20:43:55.980800'),
(446, '', 'LA GLORIA', 11, 0, '2016-11-05 20:43:55.980800'),
(447, '', 'LA JAGUA IBIRICO', 11, 0, '2016-11-05 20:43:55.980800'),
(448, '', 'MANAURE BALCÓN DEL CESAR', 11, 0, '2016-11-05 20:43:55.980800'),
(449, '', 'PAILITAS', 11, 0, '2016-11-05 20:43:55.980800'),
(450, '', 'PELAYA', 11, 0, '2016-11-05 20:43:55.980800'),
(451, '', 'PUEBLO BELLO', 11, 0, '2016-11-05 20:43:55.980800'),
(452, '', 'RÍO DE ORO', 11, 0, '2016-11-05 20:43:55.980800'),
(453, '', 'ROBLES (LA PAZ)', 11, 0, '2016-11-05 20:43:55.980800'),
(454, '', 'SAN ALBERTO', 11, 0, '2016-11-05 20:43:55.980800'),
(455, '', 'SAN DIEGO', 11, 0, '2016-11-05 20:43:55.980800'),
(456, '', 'SAN MARTÍN', 11, 0, '2016-11-05 20:43:55.980800'),
(457, '', 'TAMALAMEQUE', 11, 0, '2016-11-05 20:43:55.980800'),
(458, '', 'VALLEDUPAR', 11, 0, '2016-11-05 20:43:55.980800'),
(459, '', 'ACANDI', 12, 0, '2016-11-05 20:43:55.980800'),
(460, '', 'ALTO BAUDO (PIE DE PATO)', 12, 0, '2016-11-05 20:43:55.980800'),
(461, '', 'ATRATO', 12, 0, '2016-11-05 20:43:55.980800'),
(462, '', 'BAGADO', 12, 0, '2016-11-05 20:43:55.980800'),
(463, '', 'BAHIA SOLANO (MUTIS)', 12, 0, '2016-11-05 20:43:55.980800'),
(464, '', 'BAJO BAUDO (PIZARRO)', 12, 0, '2016-11-05 20:43:55.980800'),
(465, '', 'BOJAYA (BELLAVISTA)', 12, 0, '2016-11-05 20:43:55.980800'),
(466, '', 'CANTON DE SAN PABLO', 12, 0, '2016-11-05 20:43:55.980800'),
(467, '', 'CARMEN DEL DARIEN', 12, 0, '2016-11-05 20:43:55.980800'),
(468, '', 'CERTEGUI', 12, 0, '2016-11-05 20:43:55.980800'),
(469, '', 'CONDOTO', 12, 0, '2016-11-05 20:43:55.980800'),
(470, '', 'EL CARMEN', 12, 0, '2016-11-05 20:43:55.980800'),
(471, '', 'ISTMINA', 12, 0, '2016-11-05 20:43:55.980800'),
(472, '', 'JURADO', 12, 0, '2016-11-05 20:43:55.980800'),
(473, '', 'LITORAL DEL SAN JUAN', 12, 0, '2016-11-05 20:43:55.980800'),
(474, '', 'LLORO', 12, 0, '2016-11-05 20:43:55.980800'),
(475, '', 'MEDIO ATRATO', 12, 0, '2016-11-05 20:43:55.980800'),
(476, '', 'MEDIO BAUDO (BOCA DE PEPE)', 12, 0, '2016-11-05 20:43:55.980800'),
(477, '', 'MEDIO SAN JUAN', 12, 0, '2016-11-05 20:43:55.980800'),
(478, '', 'NOVITA', 12, 0, '2016-11-05 20:43:55.980800'),
(479, '', 'NUQUI', 12, 0, '2016-11-05 20:43:55.980800'),
(480, '', 'QUIBDO', 12, 0, '2016-11-05 20:43:55.980800'),
(481, '', 'RIO IRO', 12, 0, '2016-11-05 20:43:55.980800'),
(482, '', 'RIO QUITO', 12, 0, '2016-11-05 20:43:55.980800'),
(483, '', 'RIOSUCIO', 12, 0, '2016-11-05 20:43:55.980800'),
(484, '', 'SAN JOSE DEL PALMAR', 12, 0, '2016-11-05 20:43:55.980800'),
(485, '', 'SIPI', 12, 0, '2016-11-05 20:43:55.980800'),
(486, '', 'TADO', 12, 0, '2016-11-05 20:43:55.980800'),
(487, '', 'UNGUIA', 12, 0, '2016-11-05 20:43:55.980800'),
(488, '', 'UNIÓN PANAMERICANA', 12, 0, '2016-11-05 20:43:55.980800'),
(489, '', 'AYAPEL', 13, 0, '2016-11-05 20:43:55.980800'),
(490, '', 'BUENAVISTA', 13, 0, '2016-11-05 20:43:55.980800'),
(491, '', 'CANALETE', 13, 0, '2016-11-05 20:43:55.980800'),
(492, '', 'CERETÉ', 13, 0, '2016-11-05 20:43:55.980800'),
(493, '', 'CHIMA', 13, 0, '2016-11-05 20:43:55.980800'),
(494, '', 'CHINÚ', 13, 0, '2016-11-05 20:43:55.980800'),
(495, '', 'CIENAGA DE ORO', 13, 0, '2016-11-05 20:43:55.980800'),
(496, '', 'COTORRA', 13, 0, '2016-11-05 20:43:55.980800'),
(497, '', 'LA APARTADA', 13, 0, '2016-11-05 20:43:55.980800'),
(498, '', 'LORICA', 13, 0, '2016-11-05 20:43:55.980800'),
(499, '', 'LOS CÓRDOBAS', 13, 0, '2016-11-05 20:43:55.980800'),
(500, '', 'MOMIL', 13, 0, '2016-11-05 20:43:55.980800'),
(501, '', 'MONTELÍBANO', 13, 0, '2016-11-05 20:43:55.980800'),
(502, '', 'MONTERÍA', 13, 0, '2016-11-05 20:43:55.980800'),
(503, '', 'MOÑITOS', 13, 0, '2016-11-05 20:43:55.980800'),
(504, '', 'PLANETA RICA', 13, 0, '2016-11-05 20:43:55.980800'),
(505, '', 'PUEBLO NUEVO', 13, 0, '2016-11-05 20:43:55.980800'),
(506, '', 'PUERTO ESCONDIDO', 13, 0, '2016-11-05 20:43:55.980800'),
(507, '', 'PUERTO LIBERTADOR', 13, 0, '2016-11-05 20:43:55.980800'),
(508, '', 'PURÍSIMA', 13, 0, '2016-11-05 20:43:55.980800'),
(509, '', 'SAHAGÚN', 13, 0, '2016-11-05 20:43:55.980800'),
(510, '', 'SAN ANDRÉS SOTAVENTO', 13, 0, '2016-11-05 20:43:55.980800'),
(511, '', 'SAN ANTERO', 13, 0, '2016-11-05 20:43:55.980800'),
(512, '', 'SAN BERNARDO VIENTO', 13, 0, '2016-11-05 20:43:55.980800'),
(513, '', 'SAN CARLOS', 13, 0, '2016-11-05 20:43:55.980800'),
(514, '', 'SAN PELAYO', 13, 0, '2016-11-05 20:43:55.980800'),
(515, '', 'TIERRALTA', 13, 0, '2016-11-05 20:43:55.980800'),
(516, '', 'VALENCIA', 13, 0, '2016-11-05 20:43:55.980800'),
(517, '', 'AGUA DE DIOS', 14, 0, '2016-11-05 20:43:55.980800'),
(518, '', 'ALBAN', 14, 0, '2016-11-05 20:43:55.980800'),
(519, '', 'ANAPOIMA', 14, 0, '2016-11-05 20:43:55.980800'),
(520, '', 'ANOLAIMA', 14, 0, '2016-11-05 20:43:55.980800'),
(521, '', 'ARBELAEZ', 14, 0, '2016-11-05 20:43:55.980800'),
(522, '', 'BELTRÁN', 14, 0, '2016-11-05 20:43:55.980800'),
(523, '', 'BITUIMA', 14, 0, '2016-11-05 20:43:55.980800'),
(524, '', 'BOGOTÁ DC', 14, 0, '2016-11-05 20:43:55.980800'),
(525, '', 'BOJACÁ', 14, 0, '2016-11-05 20:43:55.980800'),
(526, '', 'CABRERA', 14, 0, '2016-11-05 20:43:55.980800'),
(527, '', 'CACHIPAY', 14, 0, '2016-11-05 20:43:55.980800'),
(528, '', 'CAJICÁ', 14, 0, '2016-11-05 20:43:55.980800'),
(529, '', 'CAPARRAPÍ', 14, 0, '2016-11-05 20:43:55.980800'),
(530, '', 'CAQUEZA', 14, 0, '2016-11-05 20:43:55.980800'),
(531, '', 'CARMEN DE CARUPA', 14, 0, '2016-11-05 20:43:55.980800'),
(532, '', 'CHAGUANÍ', 14, 0, '2016-11-05 20:43:55.980800'),
(533, '', 'CHIA', 14, 0, '2016-11-05 20:43:55.980800'),
(534, '', 'CHIPAQUE', 14, 0, '2016-11-05 20:43:55.980800'),
(535, '', 'CHOACHÍ', 14, 0, '2016-11-05 20:43:55.980800'),
(536, '', 'CHOCONTÁ', 14, 0, '2016-11-05 20:43:55.980800'),
(537, '', 'COGUA', 14, 0, '2016-11-05 20:43:55.980800'),
(538, '', 'COTA', 14, 0, '2016-11-05 20:43:55.980800'),
(539, '', 'CUCUNUBÁ', 14, 0, '2016-11-05 20:43:55.980800'),
(540, '', 'EL COLEGIO', 14, 0, '2016-11-05 20:43:55.980800'),
(541, '', 'EL PEÑÓN', 14, 0, '2016-11-05 20:43:55.980800'),
(542, '', 'EL ROSAL1', 14, 0, '2016-11-05 20:43:55.980800'),
(543, '', 'FACATATIVA', 14, 0, '2016-11-05 20:43:55.980800'),
(544, '', 'FÓMEQUE', 14, 0, '2016-11-05 20:43:55.980800'),
(545, '', 'FOSCA', 14, 0, '2016-11-05 20:43:55.980800'),
(546, '', 'FUNZA', 14, 0, '2016-11-05 20:43:55.980800'),
(547, '', 'FÚQUENE', 14, 0, '2016-11-05 20:43:55.980800'),
(548, '', 'FUSAGASUGA', 14, 0, '2016-11-05 20:43:55.980800'),
(549, '', 'GACHALÁ', 14, 0, '2016-11-05 20:43:55.980800'),
(550, '', 'GACHANCIPÁ', 14, 0, '2016-11-05 20:43:55.980800'),
(551, '', 'GACHETA', 14, 0, '2016-11-05 20:43:55.980800'),
(552, '', 'GAMA', 14, 0, '2016-11-05 20:43:55.980800'),
(553, '', 'GIRARDOT', 14, 0, '2016-11-05 20:43:55.980800'),
(554, '', 'GRANADA2', 14, 0, '2016-11-05 20:43:55.980800'),
(555, '', 'GUACHETÁ', 14, 0, '2016-11-05 20:43:55.980800'),
(556, '', 'GUADUAS', 14, 0, '2016-11-05 20:43:55.980800'),
(557, '', 'GUASCA', 14, 0, '2016-11-05 20:43:55.980800'),
(558, '', 'GUATAQUÍ', 14, 0, '2016-11-05 20:43:55.980800'),
(559, '', 'GUATAVITA', 14, 0, '2016-11-05 20:43:55.980800'),
(560, '', 'GUAYABAL DE SIQUIMA', 14, 0, '2016-11-05 20:43:55.980800'),
(561, '', 'GUAYABETAL', 14, 0, '2016-11-05 20:43:55.980800'),
(562, '', 'GUTIÉRREZ', 14, 0, '2016-11-05 20:43:55.980800'),
(563, '', 'JERUSALÉN', 14, 0, '2016-11-05 20:43:55.980800'),
(564, '', 'JUNÍN', 14, 0, '2016-11-05 20:43:55.980800'),
(565, '', 'LA CALERA', 14, 0, '2016-11-05 20:43:55.980800'),
(566, '', 'LA MESA', 14, 0, '2016-11-05 20:43:55.980800'),
(567, '', 'LA PALMA', 14, 0, '2016-11-05 20:43:55.980800'),
(568, '', 'LA PEÑA', 14, 0, '2016-11-05 20:43:55.980800'),
(569, '', 'LA VEGA', 14, 0, '2016-11-05 20:43:55.980800'),
(570, '', 'LENGUAZAQUE', 14, 0, '2016-11-05 20:43:55.980800'),
(571, '', 'MACHETÁ', 14, 0, '2016-11-05 20:43:55.980800'),
(572, '', 'MADRID', 14, 0, '2016-11-05 20:43:55.980800'),
(573, '', 'MANTA', 14, 0, '2016-11-05 20:43:55.980800'),
(574, '', 'MEDINA', 14, 0, '2016-11-05 20:43:55.980800'),
(575, '', 'MOSQUERA', 14, 0, '2016-11-05 20:43:55.980800'),
(576, '', 'NARIÑO', 14, 0, '2016-11-05 20:43:55.980800'),
(577, '', 'NEMOCÓN', 14, 0, '2016-11-05 20:43:55.980800'),
(578, '', 'NILO', 14, 0, '2016-11-05 20:43:55.980800'),
(579, '', 'NIMAIMA', 14, 0, '2016-11-05 20:43:55.980800'),
(580, '', 'NOCAIMA', 14, 0, '2016-11-05 20:43:55.980800'),
(581, '', 'OSPINA PÉREZ', 14, 0, '2016-11-05 20:43:55.980800'),
(582, '', 'PACHO', 14, 0, '2016-11-05 20:43:55.980800'),
(583, '', 'PAIME', 14, 0, '2016-11-05 20:43:55.980800'),
(584, '', 'PANDI', 14, 0, '2016-11-05 20:43:55.980800'),
(585, '', 'PARATEBUENO', 14, 0, '2016-11-05 20:43:55.980800'),
(586, '', 'PASCA', 14, 0, '2016-11-05 20:43:55.980800'),
(587, '', 'PUERTO SALGAR', 14, 0, '2016-11-05 20:43:55.980800'),
(588, '', 'PULÍ', 14, 0, '2016-11-05 20:43:55.980800'),
(589, '', 'QUEBRADANEGRA', 14, 0, '2016-11-05 20:43:55.980800'),
(590, '', 'QUETAME', 14, 0, '2016-11-05 20:43:55.980800'),
(591, '', 'QUIPILE', 14, 0, '2016-11-05 20:43:55.980800'),
(592, '', 'RAFAEL REYES', 14, 0, '2016-11-05 20:43:55.980800'),
(593, '', 'RICAURTE', 14, 0, '2016-11-05 20:43:55.980800'),
(594, '', 'SAN  ANTONIO DEL  TEQUENDAMA', 14, 0, '2016-11-05 20:43:55.980800'),
(595, '', 'SAN BERNARDO', 14, 0, '2016-11-05 20:43:55.980800'),
(596, '', 'SAN CAYETANO', 14, 0, '2016-11-05 20:43:55.980800'),
(597, '', 'SAN FRANCISCO', 14, 0, '2016-11-05 20:43:55.980800'),
(598, '', 'SAN JUAN DE RIOSECO', 14, 0, '2016-11-05 20:43:55.980800'),
(599, '', 'SASAIMA', 14, 0, '2016-11-05 20:43:55.980800'),
(600, '', 'SESQUILÉ', 14, 0, '2016-11-05 20:43:55.980800'),
(601, '', 'SIBATÉ', 14, 0, '2016-11-05 20:43:55.980800'),
(602, '', 'SILVANIA', 14, 0, '2016-11-05 20:43:55.980800'),
(603, '', 'SIMIJACA', 14, 0, '2016-11-05 20:43:55.980800'),
(604, '', 'SOACHA', 14, 0, '2016-11-05 20:43:55.980800'),
(605, '', 'SOPO', 14, 0, '2016-11-05 20:43:55.980800'),
(606, '', 'SUBACHOQUE', 14, 0, '2016-11-05 20:43:55.980800'),
(607, '', 'SUESCA', 14, 0, '2016-11-05 20:43:55.980800'),
(608, '', 'SUPATÁ', 14, 0, '2016-11-05 20:43:55.980800'),
(609, '', 'SUSA', 14, 0, '2016-11-05 20:43:55.980800'),
(610, '', 'SUTATAUSA', 14, 0, '2016-11-05 20:43:55.980800'),
(611, '', 'TABIO', 14, 0, '2016-11-05 20:43:55.980800'),
(612, '', 'TAUSA', 14, 0, '2016-11-05 20:43:55.980800'),
(613, '', 'TENA', 14, 0, '2016-11-05 20:43:55.980800'),
(614, '', 'TENJO', 14, 0, '2016-11-05 20:43:55.980800'),
(615, '', 'TIBACUY', 14, 0, '2016-11-05 20:43:55.980800'),
(616, '', 'TIBIRITA', 14, 0, '2016-11-05 20:43:55.980800'),
(617, '', 'TOCAIMA', 14, 0, '2016-11-05 20:43:55.980800'),
(618, '', 'TOCANCIPÁ', 14, 0, '2016-11-05 20:43:55.980800'),
(619, '', 'TOPAIPÍ', 14, 0, '2016-11-05 20:43:55.980800'),
(620, '', 'UBALÁ', 14, 0, '2016-11-05 20:43:55.980800'),
(621, '', 'UBAQUE', 14, 0, '2016-11-05 20:43:55.980800'),
(622, '', 'UBATÉ', 14, 0, '2016-11-05 20:43:55.980800'),
(623, '', 'UNE', 14, 0, '2016-11-05 20:43:55.980800'),
(624, '', 'UTICA', 14, 0, '2016-11-05 20:43:55.980800'),
(625, '', 'VERGARA', 14, 0, '2016-11-05 20:43:55.980800'),
(626, '', 'VIANI', 14, 0, '2016-11-05 20:43:55.980800'),
(627, '', 'VILLA GOMEZ', 14, 0, '2016-11-05 20:43:55.980800'),
(628, '', 'VILLA PINZÓN', 14, 0, '2016-11-05 20:43:55.980800'),
(629, '', 'VILLETA', 14, 0, '2016-11-05 20:43:55.980800'),
(630, '', 'VIOTA', 14, 0, '2016-11-05 20:43:55.980800'),
(631, '', 'YACOPÍ', 14, 0, '2016-11-05 20:43:55.980800'),
(632, '', 'ZIPACÓN', 14, 0, '2016-11-05 20:43:55.980800'),
(633, '', 'ZIPAQUIRÁ', 14, 0, '2016-11-05 20:43:55.980800'),
(634, '', 'BARRANCO MINAS', 15, 0, '2016-11-05 20:43:55.980800'),
(635, '', 'CACAHUAL', 15, 0, '2016-11-05 20:43:55.980800'),
(636, '', 'INÍRIDA', 15, 0, '2016-11-05 20:43:55.980800'),
(637, '', 'LA GUADALUPE', 15, 0, '2016-11-05 20:43:55.980800'),
(638, '', 'MAPIRIPANA', 15, 0, '2016-11-05 20:43:55.980800'),
(639, '', 'MORICHAL', 15, 0, '2016-11-05 20:43:55.980800'),
(640, '', 'PANA PANA', 15, 0, '2016-11-05 20:43:55.980800'),
(641, '', 'PUERTO COLOMBIA', 15, 0, '2016-11-05 20:43:55.980800'),
(642, '', 'SAN FELIPE', 15, 0, '2016-11-05 20:43:55.980800'),
(643, '', 'CALAMAR', 16, 0, '2016-11-05 20:43:55.980800'),
(644, '', 'EL RETORNO', 16, 0, '2016-11-05 20:43:55.980800'),
(645, '', 'MIRAFLOREZ', 16, 0, '2016-11-05 20:43:55.980800'),
(646, '', 'SAN JOSÉ DEL GUAVIARE', 16, 0, '2016-11-05 20:43:55.980800'),
(647, '', 'ACEVEDO', 17, 0, '2016-11-05 20:43:55.980800'),
(648, '', 'AGRADO', 17, 0, '2016-11-05 20:43:55.980800'),
(649, '', 'AIPE', 17, 0, '2016-11-05 20:43:55.980800'),
(650, '', 'ALGECIRAS', 17, 0, '2016-11-05 20:43:55.980800'),
(651, '', 'ALTAMIRA', 17, 0, '2016-11-05 20:43:55.980800'),
(652, '', 'BARAYA', 17, 0, '2016-11-05 20:43:55.980800'),
(653, '', 'CAMPO ALEGRE', 17, 0, '2016-11-05 20:43:55.980800'),
(654, '', 'COLOMBIA', 17, 0, '2016-11-05 20:43:55.980800'),
(655, '', 'ELIAS', 17, 0, '2016-11-05 20:43:55.980800'),
(656, '', 'GARZÓN', 17, 0, '2016-11-05 20:43:55.980800'),
(657, '', 'GIGANTE', 17, 0, '2016-11-05 20:43:55.980800'),
(658, '', 'GUADALUPE', 17, 0, '2016-11-05 20:43:55.980800'),
(659, '', 'HOBO', 17, 0, '2016-11-05 20:43:55.980800'),
(660, '', 'IQUIRA', 17, 0, '2016-11-05 20:43:55.980800'),
(661, '', 'ISNOS', 17, 0, '2016-11-05 20:43:55.980800'),
(662, '', 'LA ARGENTINA', 17, 0, '2016-11-05 20:43:55.980800'),
(663, '', 'LA PLATA', 17, 0, '2016-11-05 20:43:55.980800'),
(664, '', 'NATAGA', 17, 0, '2016-11-05 20:43:55.980800'),
(665, '', 'NEIVA', 17, 0, '2016-11-05 20:43:55.980800'),
(666, '', 'OPORAPA', 17, 0, '2016-11-05 20:43:55.980800'),
(667, '', 'PAICOL', 17, 0, '2016-11-05 20:43:55.980800'),
(668, '', 'PALERMO', 17, 0, '2016-11-05 20:43:55.980800'),
(669, '', 'PALESTINA', 17, 0, '2016-11-05 20:43:55.980800'),
(670, '', 'PITAL', 17, 0, '2016-11-05 20:43:55.980800'),
(671, '', 'PITALITO', 17, 0, '2016-11-05 20:43:55.980800'),
(672, '', 'RIVERA', 17, 0, '2016-11-05 20:43:55.980800'),
(673, '', 'SALADO BLANCO', 17, 0, '2016-11-05 20:43:55.980800'),
(674, '', 'SAN AGUSTÍN', 17, 0, '2016-11-05 20:43:55.980800'),
(675, '', 'SANTA MARIA', 17, 0, '2016-11-05 20:43:55.980800'),
(676, '', 'SUAZA', 17, 0, '2016-11-05 20:43:55.980800'),
(677, '', 'TARQUI', 17, 0, '2016-11-05 20:43:55.980800'),
(678, '', 'TELLO', 17, 0, '2016-11-05 20:43:55.980800'),
(679, '', 'TERUEL', 17, 0, '2016-11-05 20:43:55.980800'),
(680, '', 'TESALIA', 17, 0, '2016-11-05 20:43:55.980800'),
(681, '', 'TIMANA', 17, 0, '2016-11-05 20:43:55.980800'),
(682, '', 'VILLAVIEJA', 17, 0, '2016-11-05 20:43:55.980800'),
(683, '', 'YAGUARA', 17, 0, '2016-11-05 20:43:55.980800'),
(684, '', 'ALBANIA', 18, 0, '2016-11-05 20:43:55.980800'),
(685, '', 'BARRANCAS', 18, 0, '2016-11-05 20:43:55.980800'),
(686, '', 'DIBULLA', 18, 0, '2016-11-05 20:43:55.980800'),
(687, '', 'DISTRACCIÓN', 18, 0, '2016-11-05 20:43:55.980800'),
(688, '', 'EL MOLINO', 18, 0, '2016-11-05 20:43:55.980800'),
(689, '', 'FONSECA', 18, 0, '2016-11-05 20:43:55.980800'),
(690, '', 'HATO NUEVO', 18, 0, '2016-11-05 20:43:55.980800'),
(691, '', 'LA JAGUA DEL PILAR', 18, 0, '2016-11-05 20:43:55.980800'),
(692, '', 'MAICAO', 18, 0, '2016-11-05 20:43:55.980800'),
(693, '', 'MANAURE', 18, 0, '2016-11-05 20:43:55.980800'),
(694, '', 'RIOHACHA', 18, 0, '2016-11-05 20:43:55.980800'),
(695, '', 'SAN JUAN DEL CESAR', 18, 0, '2016-11-05 20:43:55.980800'),
(696, '', 'URIBIA', 18, 0, '2016-11-05 20:43:55.980800'),
(697, '', 'URUMITA', 18, 0, '2016-11-05 20:43:55.980800'),
(698, '', 'VILLANUEVA', 18, 0, '2016-11-05 20:43:55.980800'),
(699, '', 'ALGARROBO', 19, 0, '2016-11-05 20:43:55.980800'),
(700, '', 'ARACATACA', 19, 0, '2016-11-05 20:43:55.980800'),
(701, '', 'ARIGUANI', 19, 0, '2016-11-05 20:43:55.980800'),
(702, '', 'CERRO SAN ANTONIO', 19, 0, '2016-11-05 20:43:55.980800'),
(703, '', 'CHIVOLO', 19, 0, '2016-11-05 20:43:55.980800'),
(704, '', 'CIENAGA', 19, 0, '2016-11-05 20:43:55.980800'),
(705, '', 'CONCORDIA', 19, 0, '2016-11-05 20:43:55.980800'),
(706, '', 'EL BANCO', 19, 0, '2016-11-05 20:43:55.980800'),
(707, '', 'EL PIÑON', 19, 0, '2016-11-05 20:43:55.980800'),
(708, '', 'EL RETEN', 19, 0, '2016-11-05 20:43:55.980800'),
(709, '', 'FUNDACION', 19, 0, '2016-11-05 20:43:55.980800'),
(710, '', 'GUAMAL', 19, 0, '2016-11-05 20:43:55.980800'),
(711, '', 'NUEVA GRANADA', 19, 0, '2016-11-05 20:43:55.980800'),
(712, '', 'PEDRAZA', 19, 0, '2016-11-05 20:43:55.980800'),
(713, '', 'PIJIÑO DEL CARMEN', 19, 0, '2016-11-05 20:43:55.980800'),
(714, '', 'PIVIJAY', 19, 0, '2016-11-05 20:43:55.980800'),
(715, '', 'PLATO', 19, 0, '2016-11-05 20:43:55.980800'),
(716, '', 'PUEBLO VIEJO', 19, 0, '2016-11-05 20:43:55.980800'),
(717, '', 'REMOLINO', 19, 0, '2016-11-05 20:43:55.980800'),
(718, '', 'SABANAS DE SAN ANGEL', 19, 0, '2016-11-05 20:43:55.980800'),
(719, '', 'SALAMINA', 19, 0, '2016-11-05 20:43:55.980800'),
(720, '', 'SAN SEBASTIAN DE BUENAVISTA', 19, 0, '2016-11-05 20:43:55.980800'),
(721, '', 'SAN ZENON', 19, 0, '2016-11-05 20:43:55.980800'),
(722, '', 'SANTA ANA', 19, 0, '2016-11-05 20:43:55.980800'),
(723, '', 'SANTA BARBARA DE PINTO', 19, 0, '2016-11-05 20:43:55.980800'),
(724, '', 'SANTA MARTA', 19, 0, '2016-11-05 20:43:55.980800'),
(725, '', 'SITIONUEVO', 19, 0, '2016-11-05 20:43:55.980800'),
(726, '', 'TENERIFE', 19, 0, '2016-11-05 20:43:55.980800'),
(727, '', 'ZAPAYAN', 19, 0, '2016-11-05 20:43:55.980800'),
(728, '', 'ZONA BANANERA', 19, 0, '2016-11-05 20:43:55.980800'),
(729, '', 'ACACIAS', 20, 0, '2016-11-05 20:43:55.980800'),
(730, '', 'BARRANCA DE UPIA', 20, 0, '2016-11-05 20:43:55.980800'),
(731, '', 'CABUYARO', 20, 0, '2016-11-05 20:43:55.980800'),
(732, '', 'CASTILLA LA NUEVA', 20, 0, '2016-11-05 20:43:55.980800'),
(733, '', 'CUBARRAL', 20, 0, '2016-11-05 20:43:55.980800'),
(734, '', 'CUMARAL', 20, 0, '2016-11-05 20:43:55.980800'),
(735, '', 'EL CALVARIO', 20, 0, '2016-11-05 20:43:55.980800'),
(736, '', 'EL CASTILLO', 20, 0, '2016-11-05 20:43:55.980800'),
(737, '', 'EL DORADO', 20, 0, '2016-11-05 20:43:55.980800'),
(738, '', 'FUENTE DE ORO', 20, 0, '2016-11-05 20:43:55.980800'),
(739, '', 'GRANADA', 20, 0, '2016-11-05 20:43:55.980800'),
(740, '', 'GUAMAL', 20, 0, '2016-11-05 20:43:55.980800'),
(741, '', 'LA MACARENA', 20, 0, '2016-11-05 20:43:55.980800'),
(742, '', 'LA URIBE', 20, 0, '2016-11-05 20:43:55.980800'),
(743, '', 'LEJANÍAS', 20, 0, '2016-11-05 20:43:55.980800'),
(744, '', 'MAPIRIPÁN', 20, 0, '2016-11-05 20:43:55.980800'),
(745, '', 'MESETAS', 20, 0, '2016-11-05 20:43:55.980800'),
(746, '', 'PUERTO CONCORDIA', 20, 0, '2016-11-05 20:43:55.980800'),
(747, '', 'PUERTO GAITÁN', 20, 0, '2016-11-05 20:43:55.980800'),
(748, '', 'PUERTO LLERAS', 20, 0, '2016-11-05 20:43:55.980800'),
(749, '', 'PUERTO LÓPEZ', 20, 0, '2016-11-05 20:43:55.980800'),
(750, '', 'PUERTO RICO', 20, 0, '2016-11-05 20:43:55.980800'),
(751, '', 'RESTREPO', 20, 0, '2016-11-05 20:43:55.980800'),
(752, '', 'SAN  JUAN DE ARAMA', 20, 0, '2016-11-05 20:43:55.980800'),
(753, '', 'SAN CARLOS GUAROA', 20, 0, '2016-11-05 20:43:55.980800'),
(754, '', 'SAN JUANITO', 20, 0, '2016-11-05 20:43:55.980800'),
(755, '', 'SAN MARTÍN', 20, 0, '2016-11-05 20:43:55.980800'),
(756, '', 'VILLAVICENCIO', 20, 0, '2016-11-05 20:43:55.980800'),
(757, '', 'VISTA HERMOSA', 20, 0, '2016-11-05 20:43:55.980800'),
(758, '', 'ALBAN', 21, 0, '2016-11-05 20:43:55.980800'),
(759, '', 'ALDAÑA', 21, 0, '2016-11-05 20:43:55.980800'),
(760, '', 'ANCUYA', 21, 0, '2016-11-05 20:43:55.980800'),
(761, '', 'ARBOLEDA', 21, 0, '2016-11-05 20:43:55.980800'),
(762, '', 'BARBACOAS', 21, 0, '2016-11-05 20:43:55.980800'),
(763, '', 'BELEN', 21, 0, '2016-11-05 20:43:55.980800'),
(764, '', 'BUESACO', 21, 0, '2016-11-05 20:43:55.980800'),
(765, '', 'CHACHAGUI', 21, 0, '2016-11-05 20:43:55.980800'),
(766, '', 'COLON (GENOVA)', 21, 0, '2016-11-05 20:43:55.980800'),
(767, '', 'CONSACA', 21, 0, '2016-11-05 20:43:55.980800'),
(768, '', 'CONTADERO', 21, 0, '2016-11-05 20:43:55.980800'),
(769, '', 'CORDOBA', 21, 0, '2016-11-05 20:43:55.980800'),
(770, '', 'CUASPUD', 21, 0, '2016-11-05 20:43:55.980800'),
(771, '', 'CUMBAL', 21, 0, '2016-11-05 20:43:55.980800'),
(772, '', 'CUMBITARA', 21, 0, '2016-11-05 20:43:55.980800'),
(773, '', 'EL CHARCO', 21, 0, '2016-11-05 20:43:55.980800'),
(774, '', 'EL PEÑOL', 21, 0, '2016-11-05 20:43:55.980800'),
(775, '', 'EL ROSARIO', 21, 0, '2016-11-05 20:43:55.980800'),
(776, '', 'EL TABLÓN', 21, 0, '2016-11-05 20:43:55.980800'),
(777, '', 'EL TAMBO', 21, 0, '2016-11-05 20:43:55.980800'),
(778, '', 'FUNES', 21, 0, '2016-11-05 20:43:55.980800'),
(779, '', 'GUACHUCAL', 21, 0, '2016-11-05 20:43:55.980800'),
(780, '', 'GUAITARILLA', 21, 0, '2016-11-05 20:43:55.980800'),
(781, '', 'GUALMATAN', 21, 0, '2016-11-05 20:43:55.980800'),
(782, '', 'ILES', 21, 0, '2016-11-05 20:43:55.980800'),
(783, '', 'IMUES', 21, 0, '2016-11-05 20:43:55.980800'),
(784, '', 'IPIALES', 21, 0, '2016-11-05 20:43:55.980800'),
(785, '', 'LA CRUZ', 21, 0, '2016-11-05 20:43:55.980800'),
(786, '', 'LA FLORIDA', 21, 0, '2016-11-05 20:43:55.980800'),
(787, '', 'LA LLANADA', 21, 0, '2016-11-05 20:43:55.980800'),
(788, '', 'LA TOLA', 21, 0, '2016-11-05 20:43:55.980800'),
(789, '', 'LA UNION', 21, 0, '2016-11-05 20:43:55.980800'),
(790, '', 'LEIVA', 21, 0, '2016-11-05 20:43:55.980800'),
(791, '', 'LINARES', 21, 0, '2016-11-05 20:43:55.980800'),
(792, '', 'LOS ANDES', 21, 0, '2016-11-05 20:43:55.980800'),
(793, '', 'MAGUI', 21, 0, '2016-11-05 20:43:55.980800'),
(794, '', 'MALLAMA', 21, 0, '2016-11-05 20:43:55.980800'),
(795, '', 'MOSQUEZA', 21, 0, '2016-11-05 20:43:55.980800'),
(796, '', 'NARIÑO', 21, 0, '2016-11-05 20:43:55.980800'),
(797, '', 'OLAYA HERRERA', 21, 0, '2016-11-05 20:43:55.980800'),
(798, '', 'OSPINA', 21, 0, '2016-11-05 20:43:55.980800'),
(799, '', 'PASTO', 21, 0, '2016-11-05 20:43:55.980800'),
(800, '', 'PIZARRO', 21, 0, '2016-11-05 20:43:55.980800'),
(801, '', 'POLICARPA', 21, 0, '2016-11-05 20:43:55.980800'),
(802, '', 'POTOSI', 21, 0, '2016-11-05 20:43:55.980800'),
(803, '', 'PROVIDENCIA', 21, 0, '2016-11-05 20:43:55.980800'),
(804, '', 'PUERRES', 21, 0, '2016-11-05 20:43:55.980800'),
(805, '', 'PUPIALES', 21, 0, '2016-11-05 20:43:55.980800'),
(806, '', 'RICAURTE', 21, 0, '2016-11-05 20:43:55.980800'),
(807, '', 'ROBERTO PAYAN', 21, 0, '2016-11-05 20:43:55.980800'),
(808, '', 'SAMANIEGO', 21, 0, '2016-11-05 20:43:55.980800'),
(809, '', 'SAN BERNARDO', 21, 0, '2016-11-05 20:43:55.980800'),
(810, '', 'SAN LORENZO', 21, 0, '2016-11-05 20:43:55.980800'),
(811, '', 'SAN PABLO', 21, 0, '2016-11-05 20:43:55.980800'),
(812, '', 'SAN PEDRO DE CARTAGO', 21, 0, '2016-11-05 20:43:55.980800'),
(813, '', 'SANDONA', 21, 0, '2016-11-05 20:43:55.980800'),
(814, '', 'SANTA BARBARA', 21, 0, '2016-11-05 20:43:55.980800'),
(815, '', 'SANTACRUZ', 21, 0, '2016-11-05 20:43:55.980800'),
(816, '', 'SAPUYES', 21, 0, '2016-11-05 20:43:55.980800'),
(817, '', 'TAMINANGO', 21, 0, '2016-11-05 20:43:55.980800'),
(818, '', 'TANGUA', 21, 0, '2016-11-05 20:43:55.980800'),
(819, '', 'TUMACO', 21, 0, '2016-11-05 20:43:55.980800'),
(820, '', 'TUQUERRES', 21, 0, '2016-11-05 20:43:55.980800'),
(821, '', 'YACUANQUER', 21, 0, '2016-11-05 20:43:55.980800'),
(822, '', 'ABREGO', 22, 0, '2016-11-05 20:43:55.980800'),
(823, '', 'ARBOLEDAS', 22, 0, '2016-11-05 20:43:55.980800'),
(824, '', 'BOCHALEMA', 22, 0, '2016-11-05 20:43:55.980800'),
(825, '', 'BUCARASICA', 22, 0, '2016-11-05 20:43:55.980800'),
(826, '', 'CÁCHIRA', 22, 0, '2016-11-05 20:43:55.980800'),
(827, '', 'CÁCOTA', 22, 0, '2016-11-05 20:43:55.980800'),
(828, '', 'CHINÁCOTA', 22, 0, '2016-11-05 20:43:55.980800'),
(829, '', 'CHITAGÁ', 22, 0, '2016-11-05 20:43:55.980800'),
(830, '', 'CONVENCIÓN', 22, 0, '2016-11-05 20:43:55.980800'),
(831, '', 'CÚCUTA', 22, 0, '2016-11-05 20:43:55.980800'),
(832, '', 'CUCUTILLA', 22, 0, '2016-11-05 20:43:55.980800'),
(833, '', 'DURANIA', 22, 0, '2016-11-05 20:43:55.980800'),
(834, '', 'EL CARMEN', 22, 0, '2016-11-05 20:43:55.980800'),
(835, '', 'EL TARRA', 22, 0, '2016-11-05 20:43:55.980800'),
(836, '', 'EL ZULIA', 22, 0, '2016-11-05 20:43:55.980800'),
(837, '', 'GRAMALOTE', 22, 0, '2016-11-05 20:43:55.980800'),
(838, '', 'HACARI', 22, 0, '2016-11-05 20:43:55.980800'),
(839, '', 'HERRÁN', 22, 0, '2016-11-05 20:43:55.980800'),
(840, '', 'LA ESPERANZA', 22, 0, '2016-11-05 20:43:55.980800'),
(841, '', 'LA PLAYA', 22, 0, '2016-11-05 20:43:55.980800'),
(842, '', 'LABATECA', 22, 0, '2016-11-05 20:43:55.980800'),
(843, '', 'LOS PATIOS', 22, 0, '2016-11-05 20:43:55.980800'),
(844, '', 'LOURDES', 22, 0, '2016-11-05 20:43:55.980800'),
(845, '', 'MUTISCUA', 22, 0, '2016-11-05 20:43:55.980800'),
(846, '', 'OCAÑA', 22, 0, '2016-11-05 20:43:55.980800'),
(847, '', 'PAMPLONA', 22, 0, '2016-11-05 20:43:55.980800'),
(848, '', 'PAMPLONITA', 22, 0, '2016-11-05 20:43:55.980800'),
(849, '', 'PUERTO SANTANDER', 22, 0, '2016-11-05 20:43:55.980800'),
(850, '', 'RAGONVALIA', 22, 0, '2016-11-05 20:43:55.980800'),
(851, '', 'SALAZAR', 22, 0, '2016-11-05 20:43:55.980800');
INSERT INTO `cat_municipio` (`ID_MUNICIPIO`, `CODIGO_MUNICIPIO`, `DESCRIPCION_MUNICIPIO`, `CAT_DEPARTAMENTO_ID_DEPARTAMENTO`, `CAT_INDICATIVO_ID_INDICATIVO`, `FECHA_CREACION`) VALUES
(852, '', 'SAN CALIXTO', 22, 0, '2016-11-05 20:43:55.980800'),
(853, '', 'SAN CAYETANO', 22, 0, '2016-11-05 20:43:55.980800'),
(854, '', 'SANTIAGO', 22, 0, '2016-11-05 20:43:55.980800'),
(855, '', 'SARDINATA', 22, 0, '2016-11-05 20:43:55.980800'),
(856, '', 'SILOS', 22, 0, '2016-11-05 20:43:55.980800'),
(857, '', 'TEORAMA', 22, 0, '2016-11-05 20:43:55.980800'),
(858, '', 'TIBÚ', 22, 0, '2016-11-05 20:43:55.980800'),
(859, '', 'TOLEDO', 22, 0, '2016-11-05 20:43:55.980800'),
(860, '', 'VILLA CARO', 22, 0, '2016-11-05 20:43:55.980800'),
(861, '', 'VILLA DEL ROSARIO', 22, 0, '2016-11-05 20:43:55.980800'),
(862, '', 'COLÓN', 23, 0, '2016-11-05 20:43:55.980800'),
(863, '', 'MOCOA', 23, 0, '2016-11-05 20:43:55.980800'),
(864, '', 'ORITO', 23, 0, '2016-11-05 20:43:55.980800'),
(865, '', 'PUERTO ASÍS', 23, 0, '2016-11-05 20:43:55.980800'),
(866, '', 'PUERTO CAYCEDO', 23, 0, '2016-11-05 20:43:55.980800'),
(867, '', 'PUERTO GUZMÁN', 23, 0, '2016-11-05 20:43:55.980800'),
(868, '', 'PUERTO LEGUÍZAMO', 23, 0, '2016-11-05 20:43:55.980800'),
(869, '', 'SAN FRANCISCO', 23, 0, '2016-11-05 20:43:55.980800'),
(870, '', 'SAN MIGUEL', 23, 0, '2016-11-05 20:43:55.980800'),
(871, '', 'SANTIAGO', 23, 0, '2016-11-05 20:43:55.980800'),
(872, '', 'SIBUNDOY', 23, 0, '2016-11-05 20:43:55.980800'),
(873, '', 'VALLE DEL GUAMUEZ', 23, 0, '2016-11-05 20:43:55.980800'),
(874, '', 'VILLAGARZÓN', 23, 0, '2016-11-05 20:43:55.980800'),
(875, '', 'ARMENIA', 24, 0, '2016-11-05 20:43:55.980800'),
(876, '', 'BUENAVISTA', 24, 0, '2016-11-05 20:43:55.980800'),
(877, '', 'CALARCÁ', 24, 0, '2016-11-05 20:43:55.980800'),
(878, '', 'CIRCASIA', 24, 0, '2016-11-05 20:43:55.980800'),
(879, '', 'CÓRDOBA', 24, 0, '2016-11-05 20:43:55.980800'),
(880, '', 'FILANDIA', 24, 0, '2016-11-05 20:43:55.980800'),
(881, '', 'GÉNOVA', 24, 0, '2016-11-05 20:43:55.980800'),
(882, '', 'LA TEBAIDA', 24, 0, '2016-11-05 20:43:55.980800'),
(883, '', 'MONTENEGRO', 24, 0, '2016-11-05 20:43:55.980800'),
(884, '', 'PIJAO', 24, 0, '2016-11-05 20:43:55.980800'),
(885, '', 'QUIMBAYA', 24, 0, '2016-11-05 20:43:55.980800'),
(886, '', 'SALENTO', 24, 0, '2016-11-05 20:43:55.980800'),
(887, '', 'APIA', 25, 0, '2016-11-05 20:43:55.980800'),
(888, '', 'BALBOA', 25, 0, '2016-11-05 20:43:55.980800'),
(889, '', 'BELÉN DE UMBRÍA', 25, 0, '2016-11-05 20:43:55.980800'),
(890, '', 'DOS QUEBRADAS', 25, 0, '2016-11-05 20:43:55.980800'),
(891, '', 'GUATICA', 25, 0, '2016-11-05 20:43:55.980800'),
(892, '', 'LA CELIA', 25, 0, '2016-11-05 20:43:55.980800'),
(893, '', 'LA VIRGINIA', 25, 0, '2016-11-05 20:43:55.980800'),
(894, '', 'MARSELLA', 25, 0, '2016-11-05 20:43:55.980800'),
(895, '', 'MISTRATO', 25, 0, '2016-11-05 20:43:55.980800'),
(896, '', 'PEREIRA', 25, 0, '2016-11-05 20:43:55.980800'),
(897, '', 'PUEBLO RICO', 25, 0, '2016-11-05 20:43:55.980800'),
(898, '', 'QUINCHÍA', 25, 0, '2016-11-05 20:43:55.980800'),
(899, '', 'SANTA ROSA DE CABAL', 25, 0, '2016-11-05 20:43:55.980800'),
(900, '', 'SANTUARIO', 25, 0, '2016-11-05 20:43:55.980800'),
(901, '', 'PROVIDENCIA', 26, 0, '2016-11-05 20:43:55.980800'),
(902, '', 'SAN ANDRES', 26, 0, '2016-11-05 20:43:55.980800'),
(903, '', 'SANTA CATALINA', 26, 0, '2016-11-05 20:43:55.980800'),
(904, '', 'AGUADA', 27, 0, '2016-11-05 20:43:55.980800'),
(905, '', 'ALBANIA', 27, 0, '2016-11-05 20:43:55.980800'),
(906, '', 'ARATOCA', 27, 0, '2016-11-05 20:43:55.980800'),
(907, '', 'BARBOSA', 27, 0, '2016-11-05 20:43:55.980800'),
(908, '', 'BARICHARA', 27, 0, '2016-11-05 20:43:55.980800'),
(909, '', 'BARRANCABERMEJA', 27, 0, '2016-11-05 20:43:55.980800'),
(910, '', 'BETULIA', 27, 0, '2016-11-05 20:43:55.980800'),
(911, '', 'BOLÍVAR', 27, 0, '2016-11-05 20:43:55.980800'),
(912, '', 'BUCARAMANGA', 27, 0, '2016-11-05 20:43:55.980800'),
(913, '', 'CABRERA', 27, 0, '2016-11-05 20:43:55.980800'),
(914, '', 'CALIFORNIA', 27, 0, '2016-11-05 20:43:55.980800'),
(915, '', 'CAPITANEJO', 27, 0, '2016-11-05 20:43:55.980800'),
(916, '', 'CARCASI', 27, 0, '2016-11-05 20:43:55.980800'),
(917, '', 'CEPITA', 27, 0, '2016-11-05 20:43:55.980800'),
(918, '', 'CERRITO', 27, 0, '2016-11-05 20:43:55.980800'),
(919, '', 'CHARALÁ', 27, 0, '2016-11-05 20:43:55.980800'),
(920, '', 'CHARTA', 27, 0, '2016-11-05 20:43:55.980800'),
(921, '', 'CHIMA', 27, 0, '2016-11-05 20:43:55.980800'),
(922, '', 'CHIPATÁ', 27, 0, '2016-11-05 20:43:55.980800'),
(923, '', 'CIMITARRA', 27, 0, '2016-11-05 20:43:55.980800'),
(924, '', 'CONCEPCIÓN', 27, 0, '2016-11-05 20:43:55.980800'),
(925, '', 'CONFINES', 27, 0, '2016-11-05 20:43:55.980800'),
(926, '', 'CONTRATACIÓN', 27, 0, '2016-11-05 20:43:55.980800'),
(927, '', 'COROMORO', 27, 0, '2016-11-05 20:43:55.980800'),
(928, '', 'CURITÍ', 27, 0, '2016-11-05 20:43:55.980800'),
(929, '', 'EL CARMEN', 27, 0, '2016-11-05 20:43:55.980800'),
(930, '', 'EL GUACAMAYO', 27, 0, '2016-11-05 20:43:55.980800'),
(931, '', 'EL PEÑÓN', 27, 0, '2016-11-05 20:43:55.980800'),
(932, '', 'EL PLAYÓN', 27, 0, '2016-11-05 20:43:55.980800'),
(933, '', 'ENCINO', 27, 0, '2016-11-05 20:43:55.980800'),
(934, '', 'ENCISO', 27, 0, '2016-11-05 20:43:55.980800'),
(935, '', 'FLORIÁN', 27, 0, '2016-11-05 20:43:55.980800'),
(936, '', 'FLORIDABLANCA', 27, 0, '2016-11-05 20:43:55.980800'),
(937, '', 'GALÁN', 27, 0, '2016-11-05 20:43:55.980800'),
(938, '', 'GAMBITA', 27, 0, '2016-11-05 20:43:55.980800'),
(939, '', 'GIRÓN', 27, 0, '2016-11-05 20:43:55.980800'),
(940, '', 'GUACA', 27, 0, '2016-11-05 20:43:55.980800'),
(941, '', 'GUADALUPE', 27, 0, '2016-11-05 20:43:55.980800'),
(942, '', 'GUAPOTA', 27, 0, '2016-11-05 20:43:55.980800'),
(943, '', 'GUAVATÁ', 27, 0, '2016-11-05 20:43:55.980800'),
(944, '', 'GUEPSA', 27, 0, '2016-11-05 20:43:55.980800'),
(945, '', 'HATO', 27, 0, '2016-11-05 20:43:55.980800'),
(946, '', 'JESÚS MARIA', 27, 0, '2016-11-05 20:43:55.980800'),
(947, '', 'JORDÁN', 27, 0, '2016-11-05 20:43:55.980800'),
(948, '', 'LA BELLEZA', 27, 0, '2016-11-05 20:43:55.980800'),
(949, '', 'LA PAZ', 27, 0, '2016-11-05 20:43:55.980800'),
(950, '', 'LANDAZURI', 27, 0, '2016-11-05 20:43:55.980800'),
(951, '', 'LEBRIJA', 27, 0, '2016-11-05 20:43:55.980800'),
(952, '', 'LOS SANTOS', 27, 0, '2016-11-05 20:43:55.980800'),
(953, '', 'MACARAVITA', 27, 0, '2016-11-05 20:43:55.980800'),
(954, '', 'MÁLAGA', 27, 0, '2016-11-05 20:43:55.980800'),
(955, '', 'MATANZA', 27, 0, '2016-11-05 20:43:55.980800'),
(956, '', 'MOGOTES', 27, 0, '2016-11-05 20:43:55.980800'),
(957, '', 'MOLAGAVITA', 27, 0, '2016-11-05 20:43:55.980800'),
(958, '', 'OCAMONTE', 27, 0, '2016-11-05 20:43:55.980800'),
(959, '', 'OIBA', 27, 0, '2016-11-05 20:43:55.980800'),
(960, '', 'ONZAGA', 27, 0, '2016-11-05 20:43:55.980800'),
(961, '', 'PALMAR', 27, 0, '2016-11-05 20:43:55.980800'),
(962, '', 'PALMAS DEL SOCORRO', 27, 0, '2016-11-05 20:43:55.980800'),
(963, '', 'PÁRAMO', 27, 0, '2016-11-05 20:43:55.980800'),
(964, '', 'PIEDECUESTA', 27, 0, '2016-11-05 20:43:55.980800'),
(965, '', 'PINCHOTE', 27, 0, '2016-11-05 20:43:55.980800'),
(966, '', 'PUENTE NACIONAL', 27, 0, '2016-11-05 20:43:55.980800'),
(967, '', 'PUERTO PARRA', 27, 0, '2016-11-05 20:43:55.980800'),
(968, '', 'PUERTO WILCHES', 27, 0, '2016-11-05 20:43:55.980800'),
(969, '', 'RIONEGRO', 27, 0, '2016-11-05 20:43:55.980800'),
(970, '', 'SABANA DE TORRES', 27, 0, '2016-11-05 20:43:55.980800'),
(971, '', 'SAN ANDRÉS', 27, 0, '2016-11-05 20:43:55.980800'),
(972, '', 'SAN BENITO', 27, 0, '2016-11-05 20:43:55.980800'),
(973, '', 'SAN GIL', 27, 0, '2016-11-05 20:43:55.980800'),
(974, '', 'SAN JOAQUÍN', 27, 0, '2016-11-05 20:43:55.980800'),
(975, '', 'SAN JOSÉ DE MIRANDA', 27, 0, '2016-11-05 20:43:55.980800'),
(976, '', 'SAN MIGUEL', 27, 0, '2016-11-05 20:43:55.980800'),
(977, '', 'SAN VICENTE DE CHUCURÍ', 27, 0, '2016-11-05 20:43:55.980800'),
(978, '', 'SANTA BÁRBARA', 27, 0, '2016-11-05 20:43:55.980800'),
(979, '', 'SANTA HELENA', 27, 0, '2016-11-05 20:43:55.980800'),
(980, '', 'SIMACOTA', 27, 0, '2016-11-05 20:43:55.980800'),
(981, '', 'SOCORRO', 27, 0, '2016-11-05 20:43:55.980800'),
(982, '', 'SUAITA', 27, 0, '2016-11-05 20:43:55.980800'),
(983, '', 'SUCRE', 27, 0, '2016-11-05 20:43:55.980800'),
(984, '', 'SURATA', 27, 0, '2016-11-05 20:43:55.980800'),
(985, '', 'TONA', 27, 0, '2016-11-05 20:43:55.980800'),
(986, '', 'VALLE SAN JOSÉ', 27, 0, '2016-11-05 20:43:55.980800'),
(987, '', 'VÉLEZ', 27, 0, '2016-11-05 20:43:55.980800'),
(988, '', 'VETAS', 27, 0, '2016-11-05 20:43:55.980800'),
(989, '', 'VILLANUEVA', 27, 0, '2016-11-05 20:43:55.980800'),
(990, '', 'ZAPATOCA', 27, 0, '2016-11-05 20:43:55.980800'),
(991, '', 'BUENAVISTA', 28, 0, '2016-11-05 20:43:55.980800'),
(992, '', 'CAIMITO', 28, 0, '2016-11-05 20:43:55.980800'),
(993, '', 'CHALÁN', 28, 0, '2016-11-05 20:43:55.980800'),
(994, '', 'COLOSO', 28, 0, '2016-11-05 20:43:55.980800'),
(995, '', 'COROZAL', 28, 0, '2016-11-05 20:43:55.980800'),
(996, '', 'EL ROBLE', 28, 0, '2016-11-05 20:43:55.980800'),
(997, '', 'GALERAS', 28, 0, '2016-11-05 20:43:55.980800'),
(998, '', 'GUARANDA', 28, 0, '2016-11-05 20:43:55.980800'),
(999, '', 'LA UNIÓN', 28, 0, '2016-11-05 20:43:55.980800'),
(1000, '', 'LOS PALMITOS', 28, 0, '2016-11-05 20:43:55.980800'),
(1001, '', 'MAJAGUAL', 28, 0, '2016-11-05 20:43:55.980800'),
(1002, '', 'MORROA', 28, 0, '2016-11-05 20:43:55.980800'),
(1003, '', 'OVEJAS', 28, 0, '2016-11-05 20:43:55.980800'),
(1004, '', 'PALMITO', 28, 0, '2016-11-05 20:43:55.980800'),
(1005, '', 'SAMPUES', 28, 0, '2016-11-05 20:43:55.980800'),
(1006, '', 'SAN BENITO ABAD', 28, 0, '2016-11-05 20:43:55.980800'),
(1007, '', 'SAN JUAN DE BETULIA', 28, 0, '2016-11-05 20:43:55.980800'),
(1008, '', 'SAN MARCOS', 28, 0, '2016-11-05 20:43:55.980800'),
(1009, '', 'SAN ONOFRE', 28, 0, '2016-11-05 20:43:55.980800'),
(1010, '', 'SAN PEDRO', 28, 0, '2016-11-05 20:43:55.980800'),
(1011, '', 'SINCÉ', 28, 0, '2016-11-05 20:43:55.980800'),
(1012, '', 'SINCELEJO', 28, 0, '2016-11-05 20:43:55.980800'),
(1013, '', 'SUCRE', 28, 0, '2016-11-05 20:43:55.980800'),
(1014, '', 'TOLÚ', 28, 0, '2016-11-05 20:43:55.980800'),
(1015, '', 'TOLUVIEJO', 28, 0, '2016-11-05 20:43:55.980800'),
(1016, '', 'ALPUJARRA', 29, 0, '2016-11-05 20:43:55.980800'),
(1017, '', 'ALVARADO', 29, 0, '2016-11-05 20:43:55.980800'),
(1018, '', 'AMBALEMA', 29, 0, '2016-11-05 20:43:55.980800'),
(1019, '', 'ANZOATEGUI', 29, 0, '2016-11-05 20:43:55.980800'),
(1020, '', 'ARMERO (GUAYABAL)', 29, 0, '2016-11-05 20:43:55.980800'),
(1021, '', 'ATACO', 29, 0, '2016-11-05 20:43:55.980800'),
(1022, '', 'CAJAMARCA', 29, 0, '2016-11-05 20:43:55.980800'),
(1023, '', 'CARMEN DE APICALÁ', 29, 0, '2016-11-05 20:43:55.980800'),
(1024, '', 'CASABIANCA', 29, 0, '2016-11-05 20:43:55.980800'),
(1025, '', 'CHAPARRAL', 29, 0, '2016-11-05 20:43:55.980800'),
(1026, '', 'COELLO', 29, 0, '2016-11-05 20:43:55.980800'),
(1027, '', 'COYAIMA', 29, 0, '2016-11-05 20:43:55.980800'),
(1028, '', 'CUNDAY', 29, 0, '2016-11-05 20:43:55.980800'),
(1029, '', 'DOLORES', 29, 0, '2016-11-05 20:43:55.980800'),
(1030, '', 'ESPINAL', 29, 0, '2016-11-05 20:43:55.980800'),
(1031, '', 'FALÁN', 29, 0, '2016-11-05 20:43:55.980800'),
(1032, '', 'FLANDES', 29, 0, '2016-11-05 20:43:55.980800'),
(1033, '', 'FRESNO', 29, 0, '2016-11-05 20:43:55.980800'),
(1034, '', 'GUAMO', 29, 0, '2016-11-05 20:43:55.980800'),
(1035, '', 'HERVEO', 29, 0, '2016-11-05 20:43:55.980800'),
(1036, '', 'HONDA', 29, 0, '2016-11-05 20:43:55.980800'),
(1037, '', 'IBAGUÉ', 29, 0, '2016-11-05 20:43:55.980800'),
(1038, '', 'ICONONZO', 29, 0, '2016-11-05 20:43:55.980800'),
(1039, '', 'LÉRIDA', 29, 0, '2016-11-05 20:43:55.980800'),
(1040, '', 'LÍBANO', 29, 0, '2016-11-05 20:43:55.980800'),
(1041, '', 'MARIQUITA', 29, 0, '2016-11-05 20:43:55.980800'),
(1042, '', 'MELGAR', 29, 0, '2016-11-05 20:43:55.980800'),
(1043, '', 'MURILLO', 29, 0, '2016-11-05 20:43:55.980800'),
(1044, '', 'NATAGAIMA', 29, 0, '2016-11-05 20:43:55.980800'),
(1045, '', 'ORTEGA', 29, 0, '2016-11-05 20:43:55.980800'),
(1046, '', 'PALOCABILDO', 29, 0, '2016-11-05 20:43:55.980800'),
(1047, '', 'PIEDRAS PLANADAS', 29, 0, '2016-11-05 20:43:55.980800'),
(1048, '', 'PRADO', 29, 0, '2016-11-05 20:43:55.980800'),
(1049, '', 'PURIFICACIÓN', 29, 0, '2016-11-05 20:43:55.980800'),
(1050, '', 'RIOBLANCO', 29, 0, '2016-11-05 20:43:55.980800'),
(1051, '', 'RONCESVALLES', 29, 0, '2016-11-05 20:43:55.980800'),
(1052, '', 'ROVIRA', 29, 0, '2016-11-05 20:43:55.980800'),
(1053, '', 'SALDAÑA', 29, 0, '2016-11-05 20:43:55.980800'),
(1054, '', 'SAN ANTONIO', 29, 0, '2016-11-05 20:43:55.980800'),
(1055, '', 'SAN LUIS', 29, 0, '2016-11-05 20:43:55.980800'),
(1056, '', 'SANTA ISABEL', 29, 0, '2016-11-05 20:43:55.980800'),
(1057, '', 'SUÁREZ', 29, 0, '2016-11-05 20:43:55.980800'),
(1058, '', 'VALLE DE SAN JUAN', 29, 0, '2016-11-05 20:43:55.980800'),
(1059, '', 'VENADILLO', 29, 0, '2016-11-05 20:43:55.980800'),
(1060, '', 'VILLAHERMOSA', 29, 0, '2016-11-05 20:43:55.980800'),
(1061, '', 'VILLARRICA', 29, 0, '2016-11-05 20:43:55.980800'),
(1062, '', 'ALCALÁ', 30, 0, '2016-11-05 20:43:55.980800'),
(1063, '', 'ANDALUCÍA', 30, 0, '2016-11-05 20:43:55.980800'),
(1064, '', 'ANSERMA NUEVO', 30, 0, '2016-11-05 20:43:55.980800'),
(1065, '', 'ARGELIA', 30, 0, '2016-11-05 20:43:55.980800'),
(1066, '', 'BOLÍVAR', 30, 0, '2016-11-05 20:43:55.980800'),
(1067, '', 'BUENAVENTURA', 30, 0, '2016-11-05 20:43:55.980800'),
(1068, '', 'BUGA', 30, 0, '2016-11-05 20:43:55.980800'),
(1069, '', 'BUGALAGRANDE', 30, 0, '2016-11-05 20:43:55.980800'),
(1070, '', 'CAICEDONIA', 30, 0, '2016-11-05 20:43:55.980800'),
(1071, '', 'CALI', 30, 0, '2016-11-05 20:43:55.980800'),
(1072, '', 'CALIMA (DARIEN)', 30, 0, '2016-11-05 20:43:55.980800'),
(1073, '', 'CANDELARIA', 30, 0, '2016-11-05 20:43:55.980800'),
(1074, '', 'CARTAGO', 30, 0, '2016-11-05 20:43:55.980800'),
(1075, '', 'DAGUA', 30, 0, '2016-11-05 20:43:55.980800'),
(1076, '', 'EL AGUILA', 30, 0, '2016-11-05 20:43:55.980800'),
(1077, '', 'EL CAIRO', 30, 0, '2016-11-05 20:43:55.980800'),
(1078, '', 'EL CERRITO', 30, 0, '2016-11-05 20:43:55.980800'),
(1079, '', 'EL DOVIO', 30, 0, '2016-11-05 20:43:55.980800'),
(1080, '', 'FLORIDA', 30, 0, '2016-11-05 20:43:55.980800'),
(1081, '', 'GINEBRA GUACARI', 30, 0, '2016-11-05 20:43:55.980800'),
(1082, '', 'JAMUNDÍ', 30, 0, '2016-11-05 20:43:55.980800'),
(1083, '', 'LA CUMBRE', 30, 0, '2016-11-05 20:43:55.980800'),
(1084, '', 'LA UNIÓN', 30, 0, '2016-11-05 20:43:55.980800'),
(1085, '', 'LA VICTORIA', 30, 0, '2016-11-05 20:43:55.980800'),
(1086, '', 'OBANDO', 30, 0, '2016-11-05 20:43:55.980800'),
(1087, '', 'PALMIRA', 30, 0, '2016-11-05 20:43:55.980800'),
(1088, '', 'PRADERA', 30, 0, '2016-11-05 20:43:55.980800'),
(1089, '', 'RESTREPO', 30, 0, '2016-11-05 20:43:55.980800'),
(1090, '', 'RIO FRÍO', 30, 0, '2016-11-05 20:43:55.980800'),
(1091, '', 'ROLDANILLO', 30, 0, '2016-11-05 20:43:55.980800'),
(1092, '', 'SAN PEDRO', 30, 0, '2016-11-05 20:43:55.980800'),
(1093, '', 'SEVILLA', 30, 0, '2016-11-05 20:43:55.980800'),
(1094, '', 'TORO', 30, 0, '2016-11-05 20:43:55.980800'),
(1095, '', 'TRUJILLO', 30, 0, '2016-11-05 20:43:55.980800'),
(1096, '', 'TULÚA', 30, 0, '2016-11-05 20:43:55.980800'),
(1097, '', 'ULLOA', 30, 0, '2016-11-05 20:43:55.980800'),
(1098, '', 'VERSALLES', 30, 0, '2016-11-05 20:43:55.980800'),
(1099, '', 'VIJES', 30, 0, '2016-11-05 20:43:55.980800'),
(1100, '', 'YOTOCO', 30, 0, '2016-11-05 20:43:55.980800'),
(1101, '', 'YUMBO', 30, 0, '2016-11-05 20:43:55.980800'),
(1102, '', 'ZARZAL', 30, 0, '2016-11-05 20:43:55.980800'),
(1103, '', 'CARURÚ', 31, 0, '2016-11-05 20:43:55.980800'),
(1104, '', 'MITÚ', 31, 0, '2016-11-05 20:43:55.980800'),
(1105, '', 'PACOA', 31, 0, '2016-11-05 20:43:55.980800'),
(1106, '', 'PAPUNAUA', 31, 0, '2016-11-05 20:43:55.980800'),
(1107, '', 'TARAIRA', 31, 0, '2016-11-05 20:43:55.980800'),
(1108, '', 'YAVARATÉ', 31, 0, '2016-11-05 20:43:55.980800'),
(1109, '', 'CUMARIBO', 32, 0, '2016-11-05 20:43:55.980800'),
(1110, '', 'LA PRIMAVERA', 32, 0, '2016-11-05 20:43:55.980800'),
(1111, '', 'PUERTO CARREÑO', 32, 0, '2016-11-05 20:43:55.980800'),
(1112, '', 'SANTA ROSALIA', 32, 0, '2016-11-05 20:43:55.980800');

-- --------------------------------------------------------

--
-- Estructura de tabla para la tabla `cat_nivel_servicio`
--

CREATE TABLE IF NOT EXISTS `cat_nivel_servicio` (
  `ID_CAT_NIVEL_SERVICIO` int(11) NOT NULL AUTO_INCREMENT,
  `CODIGO_NIVEL_SERVICIO` varchar(10) DEFAULT NULL,
  `DESCRIPCION_NIVEL_SERVICIO` varchar(100) NOT NULL,
  `PRECIO` double NOT NULL,
  `FECHA CREACION` timestamp(6) NOT NULL DEFAULT CURRENT_TIMESTAMP(6) ON UPDATE CURRENT_TIMESTAMP(6),
  `TIEMPO` int(11) NOT NULL,
  `CAT_SERVICIOS_ID_CAT_SERVICIOS` int(11) NOT NULL,
  `CAT_MUNICIPIO_ID_MUNICIPIO` int(11) NOT NULL,
  `RANGO_PESO_ID_RANGO_PESO` int(11) NOT NULL,
  `CAT_TIPO_REPARTO_ID_CAT_TIPO_REPARTO` int(11) NOT NULL,
  PRIMARY KEY (`ID_CAT_NIVEL_SERVICIO`),
  KEY `fk_CAT_NIVEL_SERVICIO_CAT_SERVICIOS1_idx` (`CAT_SERVICIOS_ID_CAT_SERVICIOS`),
  KEY `fk_CAT_NIVEL_SERVICIO_CAT_MUNICIPIO1_idx` (`CAT_MUNICIPIO_ID_MUNICIPIO`),
  KEY `fk_CAT_NIVEL_SERVICIO_RANGO_PESO1_idx` (`RANGO_PESO_ID_RANGO_PESO`),
  KEY `fk_CAT_NIVEL_SERVICIO_CAT_TIPO_REPARTO1_idx` (`CAT_TIPO_REPARTO_ID_CAT_TIPO_REPARTO`)
) ENGINE=InnoDB  DEFAULT CHARSET=latin1 AUTO_INCREMENT=2 ;

--
-- Volcado de datos para la tabla `cat_nivel_servicio`
--

INSERT INTO `cat_nivel_servicio` (`ID_CAT_NIVEL_SERVICIO`, `CODIGO_NIVEL_SERVICIO`, `DESCRIPCION_NIVEL_SERVICIO`, `PRECIO`, `FECHA CREACION`, `TIEMPO`, `CAT_SERVICIOS_ID_CAT_SERVICIOS`, `CAT_MUNICIPIO_ID_MUNICIPIO`, `RANGO_PESO_ID_RANGO_PESO`, `CAT_TIPO_REPARTO_ID_CAT_TIPO_REPARTO`) VALUES
(1, 'NV001', 'NV001PQLOC0-2KG', 1000, '2017-01-30 00:22:42.973506', 0, 2, 418, 1, 1);

-- --------------------------------------------------------

--
-- Estructura de tabla para la tabla `cat_rango_peso`
--

CREATE TABLE IF NOT EXISTS `cat_rango_peso` (
  `ID_RANGO_PESO` int(11) NOT NULL AUTO_INCREMENT,
  `CODIGO_RANGO_PESO` varchar(45) NOT NULL,
  `MINIMO` int(11) NOT NULL,
  `MAXIMO` int(11) NOT NULL,
  `DESCRIPCION_RANGO_PESO` varchar(100) NOT NULL,
  `FECHA_CREACION` timestamp(6) NOT NULL DEFAULT CURRENT_TIMESTAMP(6) ON UPDATE CURRENT_TIMESTAMP(6),
  PRIMARY KEY (`ID_RANGO_PESO`)
) ENGINE=InnoDB  DEFAULT CHARSET=latin1 AUTO_INCREMENT=2 ;

--
-- Volcado de datos para la tabla `cat_rango_peso`
--

INSERT INTO `cat_rango_peso` (`ID_RANGO_PESO`, `CODIGO_RANGO_PESO`, `MINIMO`, `MAXIMO`, `DESCRIPCION_RANGO_PESO`, `FECHA_CREACION`) VALUES
(1, '0-2', 0, 2, '0 - 2 Kgs', '2017-01-09 05:00:00.000000');

-- --------------------------------------------------------

--
-- Estructura de tabla para la tabla `cat_rol`
--

CREATE TABLE IF NOT EXISTS `cat_rol` (
  `ID_ROL` int(11) NOT NULL AUTO_INCREMENT,
  `CODIGO_ROL` varchar(20) NOT NULL,
  `DESCRIPCION_ROL` varchar(80) NOT NULL,
  `FECHA_CREACION` timestamp(6) NOT NULL DEFAULT CURRENT_TIMESTAMP(6) ON UPDATE CURRENT_TIMESTAMP(6),
  PRIMARY KEY (`ID_ROL`)
) ENGINE=InnoDB DEFAULT CHARSET=latin1 AUTO_INCREMENT=1 ;

-- --------------------------------------------------------

--
-- Estructura de tabla para la tabla `cat_servicios`
--

CREATE TABLE IF NOT EXISTS `cat_servicios` (
  `ID_CAT_SERVICIOS` int(11) NOT NULL AUTO_INCREMENT,
  `CODIGO_CAT_SERVICIOS` varchar(45) NOT NULL,
  `DESCRIPCION_CAT_SERVICIOS` varchar(45) NOT NULL,
  `FECHA_CREACION` timestamp(6) NOT NULL DEFAULT CURRENT_TIMESTAMP(6) ON UPDATE CURRENT_TIMESTAMP(6),
  PRIMARY KEY (`ID_CAT_SERVICIOS`)
) ENGINE=InnoDB  DEFAULT CHARSET=latin1 AUTO_INCREMENT=3 ;

--
-- Volcado de datos para la tabla `cat_servicios`
--

INSERT INTO `cat_servicios` (`ID_CAT_SERVICIOS`, `CODIGO_CAT_SERVICIOS`, `DESCRIPCION_CAT_SERVICIOS`, `FECHA_CREACION`) VALUES
(1, '01', 'CORRESPONDENCIA', '2016-11-20 05:00:00.000000'),
(2, '02', 'PAQUETES', '2016-11-20 05:00:00.000000');

-- --------------------------------------------------------

--
-- Estructura de tabla para la tabla `cat_tipo_identificacion`
--

CREATE TABLE IF NOT EXISTS `cat_tipo_identificacion` (
  `ID_TIPO_IDENTIFICACION` int(11) NOT NULL AUTO_INCREMENT,
  `CODIGO_TIPO_IDENTIFICACION` varchar(50) NOT NULL,
  `DESCRIPCION_TIPO_IDENTIFICACION` varchar(100) NOT NULL,
  `FECHA_CREACION` timestamp(6) NOT NULL DEFAULT CURRENT_TIMESTAMP(6) ON UPDATE CURRENT_TIMESTAMP(6),
  PRIMARY KEY (`ID_TIPO_IDENTIFICACION`)
) ENGINE=InnoDB  DEFAULT CHARSET=latin1 AUTO_INCREMENT=3 ;

--
-- Volcado de datos para la tabla `cat_tipo_identificacion`
--

INSERT INTO `cat_tipo_identificacion` (`ID_TIPO_IDENTIFICACION`, `CODIGO_TIPO_IDENTIFICACION`, `DESCRIPCION_TIPO_IDENTIFICACION`, `FECHA_CREACION`) VALUES
(1, 'CC', 'CÉDULA DE CIUDADANÍA', '2016-11-06 10:00:00.000000'),
(2, 'NIT', 'NÚMERO DE IDENTIFICACIÓN TRIBUTARIA', '2016-11-13 21:25:06.303560');

-- --------------------------------------------------------

--
-- Estructura de tabla para la tabla `cat_tipo_menu`
--

CREATE TABLE IF NOT EXISTS `cat_tipo_menu` (
  `ID_TIPO_MENU` int(11) NOT NULL AUTO_INCREMENT,
  `CODIGO_TIPO_MENU` varchar(50) NOT NULL,
  `DESCRIPCION_TIPO_MENU` varchar(100) NOT NULL,
  `FECHA_CREACION` timestamp(6) NOT NULL DEFAULT CURRENT_TIMESTAMP(6) ON UPDATE CURRENT_TIMESTAMP(6),
  PRIMARY KEY (`ID_TIPO_MENU`)
) ENGINE=InnoDB DEFAULT CHARSET=latin1 AUTO_INCREMENT=1 ;

-- --------------------------------------------------------

--
-- Estructura de tabla para la tabla `cat_tipo_persona`
--

CREATE TABLE IF NOT EXISTS `cat_tipo_persona` (
  `ID_TIPO_PERSONA` int(11) NOT NULL AUTO_INCREMENT,
  `CODIGO_TIPO_PERSONA` varchar(50) NOT NULL,
  `DESCRIPCION_TIPO_PERSONA` varchar(100) NOT NULL,
  `FECHA_CREACION` timestamp(6) NOT NULL DEFAULT CURRENT_TIMESTAMP(6) ON UPDATE CURRENT_TIMESTAMP(6),
  `CAT_TIPO_PERSONA_ID_TIPO_PERSONA` int(11) DEFAULT NULL,
  PRIMARY KEY (`ID_TIPO_PERSONA`),
  KEY `fk_CAT_TIPO_PERSONA_CAT_TIPO_PERSONA1_idx` (`CAT_TIPO_PERSONA_ID_TIPO_PERSONA`)
) ENGINE=InnoDB  DEFAULT CHARSET=latin1 AUTO_INCREMENT=8 ;

--
-- Volcado de datos para la tabla `cat_tipo_persona`
--

INSERT INTO `cat_tipo_persona` (`ID_TIPO_PERSONA`, `CODIGO_TIPO_PERSONA`, `DESCRIPCION_TIPO_PERSONA`, `FECHA_CREACION`, `CAT_TIPO_PERSONA_ID_TIPO_PERSONA`) VALUES
(1, 'CL', 'CLIENTE', '2016-11-06 10:00:00.000000', NULL),
(2, 'EM', 'EMPLEADO', '2016-11-06 10:00:00.000000', NULL),
(3, 'ADM', 'ADMINISTRADOR', '2016-11-06 10:00:00.000000', 2),
(4, 'REP', 'REPARTIDOR', '2016-11-06 10:00:00.000000', 2),
(5, 'SEC', 'SECRETARIA', '2016-11-06 10:00:00.000000', 2),
(6, 'PN', 'PERSONA NATURAL', '2016-11-06 10:00:00.000000', 1),
(7, 'PJ', 'PERSONA JURIDICA', '2016-11-06 10:00:00.000000', 1);

-- --------------------------------------------------------

--
-- Estructura de tabla para la tabla `cat_tipo_reparto`
--

CREATE TABLE IF NOT EXISTS `cat_tipo_reparto` (
  `ID_CAT_TIPO_REPARTO` int(11) NOT NULL AUTO_INCREMENT,
  `CODIGO_TIPO_REPARTO` varchar(45) NOT NULL,
  `DESCRIPCION_TIPO_REPARTO` varchar(100) NOT NULL,
  PRIMARY KEY (`ID_CAT_TIPO_REPARTO`)
) ENGINE=InnoDB  DEFAULT CHARSET=latin1 AUTO_INCREMENT=4 ;

--
-- Volcado de datos para la tabla `cat_tipo_reparto`
--

INSERT INTO `cat_tipo_reparto` (`ID_CAT_TIPO_REPARTO`, `CODIGO_TIPO_REPARTO`, `DESCRIPCION_TIPO_REPARTO`) VALUES
(1, '1', 'LOCAL'),
(2, '2', 'MUNICIPAL'),
(3, '3', 'NACIONAL');

-- --------------------------------------------------------

--
-- Estructura de tabla para la tabla `cat_tipo_telefono`
--

CREATE TABLE IF NOT EXISTS `cat_tipo_telefono` (
  `ID_TIPO_TELEFONO` int(11) NOT NULL AUTO_INCREMENT,
  `CODIGO_TIPO_TELEFONO` varchar(50) NOT NULL,
  `DESCRIPCION_TIPO_TELEFONO` varchar(100) NOT NULL,
  `FECHA_CREACION` timestamp(6) NOT NULL DEFAULT CURRENT_TIMESTAMP(6) ON UPDATE CURRENT_TIMESTAMP(6),
  PRIMARY KEY (`ID_TIPO_TELEFONO`)
) ENGINE=InnoDB DEFAULT CHARSET=latin1 AUTO_INCREMENT=1 ;

-- --------------------------------------------------------

--
-- Estructura de tabla para la tabla `cat_zona`
--

CREATE TABLE IF NOT EXISTS `cat_zona` (
  `ID_ZONA` int(11) NOT NULL AUTO_INCREMENT,
  `CODIGO_ZONA` varchar(50) NOT NULL,
  `DESCRIPCION_ZONA` varchar(100) NOT NULL,
  `FECHA CREACION` timestamp(6) NOT NULL DEFAULT CURRENT_TIMESTAMP(6) ON UPDATE CURRENT_TIMESTAMP(6),
  PRIMARY KEY (`ID_ZONA`)
) ENGINE=InnoDB DEFAULT CHARSET=latin1 AUTO_INCREMENT=1 ;

-- --------------------------------------------------------

--
-- Estructura de tabla para la tabla `direccion`
--

CREATE TABLE IF NOT EXISTS `direccion` (
  `ID_DIRECCION` int(11) NOT NULL AUTO_INCREMENT,
  `CODIGO_DIRECCION` varchar(50) DEFAULT NULL,
  `DESCRIPCION_DIRECCION` varchar(100) NOT NULL,
  `CAT_BARRIO_ID_BARRIO` int(11) NOT NULL,
  `FECHA_CREACION` timestamp(6) NOT NULL DEFAULT CURRENT_TIMESTAMP(6) ON UPDATE CURRENT_TIMESTAMP(6),
  PRIMARY KEY (`ID_DIRECCION`),
  KEY `fk_DIRECCION_CAT_BARRIO1_idx` (`CAT_BARRIO_ID_BARRIO`)
) ENGINE=InnoDB  DEFAULT CHARSET=latin1 AUTO_INCREMENT=8 ;

--
-- Volcado de datos para la tabla `direccion`
--

INSERT INTO `direccion` (`ID_DIRECCION`, `CODIGO_DIRECCION`, `DESCRIPCION_DIRECCION`, `CAT_BARRIO_ID_BARRIO`, `FECHA_CREACION`) VALUES
(1, '0001', 'CALLE 4 # 32 - 14', 1, '2016-11-05 10:00:00.000000'),
(2, NULL, 'ZONA LA ESTANCIA', 19, '2016-11-16 23:19:05.780201'),
(3, NULL, 'RINCON DE LA ALDEA', 3, '2016-11-17 00:03:44.137320'),
(4, NULL, 'CALLE 9 NO 29 - 32', 22, '2016-11-19 19:30:48.446448'),
(5, NULL, 'SECTOR LA ESTANCIA', 19, '2016-12-25 22:48:36.681669'),
(6, NULL, 'CASA E3', 3, '2016-12-25 23:08:41.069556'),
(7, NULL, 'LAS CRUCES', 23, '2017-01-31 02:16:48.367448');

-- --------------------------------------------------------

--
-- Estructura de tabla para la tabla `empresa`
--

CREATE TABLE IF NOT EXISTS `empresa` (
  `ID_EMPRESA` int(11) NOT NULL AUTO_INCREMENT,
  `CODIGO_EMPRESA` varchar(50) NOT NULL,
  `RAZON_SOCIAL` varchar(100) NOT NULL,
  `NIT` varchar(100) NOT NULL,
  `FECHA_CREACION` timestamp(6) NOT NULL DEFAULT CURRENT_TIMESTAMP(6) ON UPDATE CURRENT_TIMESTAMP(6),
  `DIRECCION_ID_DIRECCION` int(11) NOT NULL,
  PRIMARY KEY (`ID_EMPRESA`),
  KEY `fk_EMPRESA_DIRECCION1_idx` (`DIRECCION_ID_DIRECCION`)
) ENGINE=InnoDB  DEFAULT CHARSET=latin1 AUTO_INCREMENT=2 ;

--
-- Volcado de datos para la tabla `empresa`
--

INSERT INTO `empresa` (`ID_EMPRESA`, `CODIGO_EMPRESA`, `RAZON_SOCIAL`, `NIT`, `FECHA_CREACION`, `DIRECCION_ID_DIRECCION`) VALUES
(1, '001', 'RODAMEL', '1234567', '2016-10-31 15:00:00.000000', 1);

-- --------------------------------------------------------

--
-- Estructura de tabla para la tabla `envio`
--

CREATE TABLE IF NOT EXISTS `envio` (
  `ID_ENVIO` int(11) NOT NULL AUTO_INCREMENT,
  `CODIGO_ENVIO` varchar(50) NOT NULL,
  `DESCRIPCION_ENVIO` varchar(500) NOT NULL,
  `VALOR_ADICIONAL` double NOT NULL,
  `FECHA_CREACION` timestamp(6) NOT NULL DEFAULT CURRENT_TIMESTAMP(6) ON UPDATE CURRENT_TIMESTAMP(6),
  `FECHA_ENTREGA` timestamp(6) NULL DEFAULT NULL,
  `GUIA_ID_GUIA` int(11) NOT NULL,
  `CAT_RUTA_ID_CAT_RUTA` int(11) NOT NULL,
  `CAT_ESTADO_ID_ESTADO` int(11) NOT NULL,
  `VEHICULO_ID_VEHICULO` int(11) NOT NULL,
  `PERSONA_ID_PERONA` int(11) NOT NULL,
  PRIMARY KEY (`ID_ENVIO`),
  KEY `fk_ENVIO_GUIA1_idx` (`GUIA_ID_GUIA`),
  KEY `fk_ENVIO_CAT_RUTA1_idx` (`CAT_RUTA_ID_CAT_RUTA`),
  KEY `fk_ENVIO_CAT_ESTADO1_idx` (`CAT_ESTADO_ID_ESTADO`),
  KEY `fk_ENVIO_VEHICULO1_idx` (`VEHICULO_ID_VEHICULO`),
  KEY `fk_ENVIO_PERSONA1_idx` (`PERSONA_ID_PERONA`)
) ENGINE=InnoDB DEFAULT CHARSET=latin1 AUTO_INCREMENT=1 ;

-- --------------------------------------------------------

--
-- Estructura de tabla para la tabla `guia`
--

CREATE TABLE IF NOT EXISTS `guia` (
  `ID_GUIA` int(11) NOT NULL AUTO_INCREMENT,
  `CODIGO_GUIA` varchar(50) NOT NULL,
  `CODIGO_BARRAS` varchar(200) NOT NULL,
  `FECHA_CREACION` date NOT NULL,
  `DESCRIPCION_ENVIO` varchar(100) NOT NULL,
  `UNIDADES` int(11) NOT NULL,
  `CAT_NIVEL_SERVICIO_ID_CAT_NIVEL_SERVICIO` int(11) NOT NULL,
  `PERSONA_ID_PERONA` int(11) NOT NULL,
  `PERSONA_ID_PERONA1` int(11) NOT NULL,
  `PESO REAL` int(11) NOT NULL,
  `VOLUMEN REAL` int(11) NOT NULL,
  `VALOR DECLARADO` double DEFAULT NULL,
  PRIMARY KEY (`ID_GUIA`),
  KEY `fk_GUIA_CAT_NIVEL_SERVICIO1_idx` (`CAT_NIVEL_SERVICIO_ID_CAT_NIVEL_SERVICIO`),
  KEY `fk_GUIA_PERSONA1_idx` (`PERSONA_ID_PERONA`),
  KEY `fk_GUIA_PERSONA2_idx` (`PERSONA_ID_PERONA1`)
) ENGINE=InnoDB DEFAULT CHARSET=latin1 AUTO_INCREMENT=1 ;

-- --------------------------------------------------------

--
-- Estructura de tabla para la tabla `guia_envio`
--

CREATE TABLE IF NOT EXISTS `guia_envio` (
  `ID_GUIA_ENVIO` int(11) NOT NULL AUTO_INCREMENT,
  `CODIGO_GUIA_ENVIO` varchar(50) NOT NULL,
  `FECHA_CREACION` timestamp(6) NOT NULL DEFAULT CURRENT_TIMESTAMP(6) ON UPDATE CURRENT_TIMESTAMP(6),
  `VALOR` double NOT NULL,
  `GUIA_ID_GUIA` int(11) NOT NULL,
  `ENVIO_ID_ENVIO` int(11) NOT NULL,
  PRIMARY KEY (`ID_GUIA_ENVIO`),
  KEY `fk_GUIA_ENVIO_GUIA1_idx` (`GUIA_ID_GUIA`),
  KEY `fk_GUIA_ENVIO_ENVIO1_idx` (`ENVIO_ID_ENVIO`)
) ENGINE=InnoDB DEFAULT CHARSET=latin1 AUTO_INCREMENT=1 ;

-- --------------------------------------------------------

--
-- Estructura de tabla para la tabla `guia_planilla`
--

CREATE TABLE IF NOT EXISTS `guia_planilla` (
  `ID_GUIA_PLANILLA` int(11) NOT NULL AUTO_INCREMENT,
  `CODIGO_GUIA_PLANILLA` varchar(50) NOT NULL,
  `FECHA_CREACION` timestamp(6) NOT NULL DEFAULT CURRENT_TIMESTAMP(6) ON UPDATE CURRENT_TIMESTAMP(6),
  `GUIA_ID_GUIA` int(11) NOT NULL,
  `PLANILLA_ID_PLANILLA` int(11) NOT NULL,
  PRIMARY KEY (`ID_GUIA_PLANILLA`),
  KEY `fk_GUIA_PLANILLA_GUIA1_idx` (`GUIA_ID_GUIA`),
  KEY `fk_GUIA_PLANILLA_PLANILLA1_idx` (`PLANILLA_ID_PLANILLA`)
) ENGINE=InnoDB DEFAULT CHARSET=latin1 AUTO_INCREMENT=1 ;

-- --------------------------------------------------------

--
-- Estructura de tabla para la tabla `inconsistencias_validacion`
--

CREATE TABLE IF NOT EXISTS `inconsistencias_validacion` (
  `ID_INCONSISTENCIAS_VALIDACION` int(11) NOT NULL AUTO_INCREMENT,
  `FECHA_CREACION` timestamp(6) NOT NULL DEFAULT CURRENT_TIMESTAMP(6) ON UPDATE CURRENT_TIMESTAMP(6),
  `DICE` varchar(100) NOT NULL,
  `DEBE_DECIR` varchar(100) NOT NULL,
  `PREFACTURA_ID_PREFACTURA` int(11) NOT NULL,
  `CAT_MENSAJES_ID_MENSAJES` int(11) NOT NULL,
  PRIMARY KEY (`ID_INCONSISTENCIAS_VALIDACION`),
  KEY `fk_INCONSISTENCIAS_VALIDACION_PREFACTURA1_idx` (`PREFACTURA_ID_PREFACTURA`),
  KEY `fk_INCONSISTENCIAS_VALIDACION_CAT_MENSAJES1_idx` (`CAT_MENSAJES_ID_MENSAJES`)
) ENGINE=InnoDB DEFAULT CHARSET=latin1 AUTO_INCREMENT=1 ;

-- --------------------------------------------------------

--
-- Estructura de tabla para la tabla `persona`
--

CREATE TABLE IF NOT EXISTS `persona` (
  `ID_PERONA` int(11) NOT NULL AUTO_INCREMENT,
  `PRIMER_NOMBRE` varchar(50) DEFAULT NULL,
  `SEGUNDO_NOMBRE` varchar(50) DEFAULT NULL,
  `PRIMER_APELLIDO` varchar(50) DEFAULT NULL,
  `SEGUNDO_APELLIDO` varchar(50) DEFAULT NULL,
  `FECHA_NACIMIENTO` date DEFAULT NULL,
  `NUM_IDENTIFICACION` varchar(45) NOT NULL,
  `FECHA_CREACION` timestamp(6) NOT NULL DEFAULT CURRENT_TIMESTAMP(6) ON UPDATE CURRENT_TIMESTAMP(6),
  `CAT_TIPO_PERSONA_ID_TIPO_PERSONA` int(11) NOT NULL,
  `CAT_TIPO_IDENTIFICACION_ID_TIPO_IDENTIFICACION` int(11) NOT NULL,
  `DIRECCION_ID_DIRECCION` int(11) NOT NULL,
  `RAZON_SOCIAL` varchar(100) DEFAULT NULL,
  PRIMARY KEY (`ID_PERONA`),
  KEY `fk_PERSONA_CAT_TIPO_PERSONA1_idx` (`CAT_TIPO_PERSONA_ID_TIPO_PERSONA`),
  KEY `fk_PERSONA_CAT_TIPO_IDENTIFICACION1_idx` (`CAT_TIPO_IDENTIFICACION_ID_TIPO_IDENTIFICACION`),
  KEY `fk_PERSONA_DIRECCION1_idx` (`DIRECCION_ID_DIRECCION`)
) ENGINE=InnoDB  DEFAULT CHARSET=latin1 AUTO_INCREMENT=7 ;

--
-- Volcado de datos para la tabla `persona`
--

INSERT INTO `persona` (`ID_PERONA`, `PRIMER_NOMBRE`, `SEGUNDO_NOMBRE`, `PRIMER_APELLIDO`, `SEGUNDO_APELLIDO`, `FECHA_NACIMIENTO`, `NUM_IDENTIFICACION`, `FECHA_CREACION`, `CAT_TIPO_PERSONA_ID_TIPO_PERSONA`, `CAT_TIPO_IDENTIFICACION_ID_TIPO_IDENTIFICACION`, `DIRECCION_ID_DIRECCION`, `RAZON_SOCIAL`) VALUES
(1, NULL, NULL, NULL, NULL, NULL, '106381456', '2016-11-16 23:19:06.561203', 7, 2, 2, 'CLINICA LA ESTANCIA'),
(2, 'RIGO', 'ESLEIDER', 'CAMPO', 'ORDOÑEZ', NULL, '1063810506', '2016-11-17 00:03:44.310321', 6, 1, 3, NULL),
(4, NULL, NULL, NULL, NULL, NULL, '87654332', '2016-12-25 22:48:37.124695', 7, 2, 5, 'ASMET SALUD'),
(5, 'ISABELLA', '', 'CAMPO', 'BEDOYA', NULL, '123456543', '2016-12-25 23:08:41.178563', 6, 1, 6, NULL),
(6, 'RIGOBERTO', '', 'CAMPO', 'CARVAJAL', NULL, '10565389', '2017-01-31 02:16:48.578457', 6, 1, 7, NULL);

-- --------------------------------------------------------

--
-- Estructura de tabla para la tabla `persona_directorio`
--

CREATE TABLE IF NOT EXISTS `persona_directorio` (
  `ID_PERSONA_DIRECTORIO` int(11) NOT NULL AUTO_INCREMENT,
  `COD_PERSONA_DIRECTORIO` varchar(50) NOT NULL,
  `DESCRIPCION_PERSONA_DIRECTORIO` varchar(100) NOT NULL,
  `FECHA_CREACION` timestamp(6) NOT NULL DEFAULT CURRENT_TIMESTAMP(6) ON UPDATE CURRENT_TIMESTAMP(6),
  `PERSONA_ID_PERONA` int(11) NOT NULL,
  `CAT_TIPO_TELEFONO_ID_TIPO_TELEFONO` int(11) NOT NULL,
  PRIMARY KEY (`ID_PERSONA_DIRECTORIO`),
  KEY `fk_DIRECTORIO_PERSONA1_idx` (`PERSONA_ID_PERONA`),
  KEY `fk_PERSONA_DIRECTORIO_CAT_TIPO_TELEFONO1_idx` (`CAT_TIPO_TELEFONO_ID_TIPO_TELEFONO`)
) ENGINE=InnoDB DEFAULT CHARSET=latin1 AUTO_INCREMENT=1 ;

-- --------------------------------------------------------

--
-- Estructura de tabla para la tabla `planilla`
--

CREATE TABLE IF NOT EXISTS `planilla` (
  `ID_PLANILLA` int(11) NOT NULL AUTO_INCREMENT,
  `CODIGO_PLANILLA` varchar(50) NOT NULL,
  `FECHA_CREACION` timestamp(6) NOT NULL DEFAULT CURRENT_TIMESTAMP(6) ON UPDATE CURRENT_TIMESTAMP(6),
  `TOTAL_UNIDADES` int(11) NOT NULL,
  `EMPRESA_ID_EMPRESA` int(11) NOT NULL,
  `CAT_ESTADO_ID_ESTADO` int(11) NOT NULL,
  PRIMARY KEY (`ID_PLANILLA`),
  KEY `fk_PLANILLA_EMPRESA1_idx` (`EMPRESA_ID_EMPRESA`),
  KEY `fk_PLANILLA_CAT_ESTADO1_idx` (`CAT_ESTADO_ID_ESTADO`)
) ENGINE=InnoDB DEFAULT CHARSET=latin1 AUTO_INCREMENT=1 ;

-- --------------------------------------------------------

--
-- Estructura de tabla para la tabla `prefactura`
--

CREATE TABLE IF NOT EXISTS `prefactura` (
  `ID_PREFACTURA` int(11) NOT NULL AUTO_INCREMENT,
  `CODIGO_PREFACTURA` varchar(50) NOT NULL,
  `DESCRIPCION_PREFACTURA` varchar(100) NOT NULL,
  `FECHA_CREACION` timestamp(6) NOT NULL DEFAULT CURRENT_TIMESTAMP(6) ON UPDATE CURRENT_TIMESTAMP(6),
  `GUIA_PLANILLA_ID_GUIA_PLANILLA` int(11) NOT NULL,
  `PERSONA_ID_PERONA` int(11) NOT NULL,
  PRIMARY KEY (`ID_PREFACTURA`),
  KEY `fk_PREFACTURA_GUIA_PLANILLA1_idx` (`GUIA_PLANILLA_ID_GUIA_PLANILLA`),
  KEY `fk_PREFACTURA_PERSONA1_idx` (`PERSONA_ID_PERONA`)
) ENGINE=InnoDB DEFAULT CHARSET=latin1 AUTO_INCREMENT=1 ;

-- --------------------------------------------------------

--
-- Estructura de tabla para la tabla `usuario`
--

CREATE TABLE IF NOT EXISTS `usuario` (
  `ID_USUARIO` int(11) NOT NULL AUTO_INCREMENT,
  `CODIGO_USUARIO` varchar(20) NOT NULL,
  `DESCRIPCION_USUARIO` varchar(50) NOT NULL,
  `CONTRASENA_USUARIO` varchar(200) NOT NULL,
  `CAT_ROL_ID_ROL` int(11) NOT NULL,
  `PERSONA_ID_PERONA` int(11) NOT NULL,
  `FECHA_CREACION` timestamp(6) NOT NULL DEFAULT CURRENT_TIMESTAMP(6) ON UPDATE CURRENT_TIMESTAMP(6),
  PRIMARY KEY (`ID_USUARIO`),
  KEY `fk_USUARIO_CAT_ROL_idx` (`CAT_ROL_ID_ROL`),
  KEY `fk_USUARIO_PERSONA1_idx` (`PERSONA_ID_PERONA`)
) ENGINE=InnoDB DEFAULT CHARSET=latin1 AUTO_INCREMENT=1 ;

-- --------------------------------------------------------

--
-- Estructura de tabla para la tabla `vehiculo`
--

CREATE TABLE IF NOT EXISTS `vehiculo` (
  `ID_VEHICULO` int(11) NOT NULL AUTO_INCREMENT,
  `CODIGO_VEHICULO` varchar(50) NOT NULL,
  `DESCRIPCION_VEHICULO` varchar(100) NOT NULL,
  `PLACAS` varchar(50) NOT NULL,
  `FECHA_CREACION` timestamp(6) NOT NULL DEFAULT CURRENT_TIMESTAMP(6) ON UPDATE CURRENT_TIMESTAMP(6),
  PRIMARY KEY (`ID_VEHICULO`)
) ENGINE=InnoDB DEFAULT CHARSET=latin1 AUTO_INCREMENT=1 ;

-- --------------------------------------------------------

--
-- Estructura de tabla para la tabla `vitacora_guia`
--

CREATE TABLE IF NOT EXISTS `vitacora_guia` (
  `ID_VITACORA_GUIA` int(11) NOT NULL,
  `FECHA_CREACION` timestamp(6) NOT NULL DEFAULT CURRENT_TIMESTAMP(6) ON UPDATE CURRENT_TIMESTAMP(6),
  `GUIA_ID_GUIA` int(11) NOT NULL,
  `CAT_ESTADO_ID_ESTADO` int(11) NOT NULL,
  PRIMARY KEY (`ID_VITACORA_GUIA`),
  KEY `fk_VITACORA_GUIA_GUIA1_idx` (`GUIA_ID_GUIA`),
  KEY `fk_VITACORA_GUIA_CAT_ESTADO1_idx` (`CAT_ESTADO_ID_ESTADO`)
) ENGINE=InnoDB DEFAULT CHARSET=latin1;

-- --------------------------------------------------------

--
-- Estructura de tabla para la tabla `zona_barrio`
--

CREATE TABLE IF NOT EXISTS `zona_barrio` (
  `ID_ZONA_BARRIO` int(11) NOT NULL AUTO_INCREMENT,
  `CODIGO_ZONA_BARRIO` varchar(50) NOT NULL,
  `FECHA_CREACION` timestamp(6) NOT NULL DEFAULT CURRENT_TIMESTAMP(6) ON UPDATE CURRENT_TIMESTAMP(6),
  `CAT_BARRIO_ID_BARRIO` int(11) NOT NULL,
  `CAT_RUTA_ID_CAT_RUTA` int(11) NOT NULL,
  PRIMARY KEY (`ID_ZONA_BARRIO`),
  KEY `fk_ZONA_BARRIO_CAT_BARRIO1_idx` (`CAT_BARRIO_ID_BARRIO`),
  KEY `fk_ZONA_BARRIO_CAT_RUTA1_idx` (`CAT_RUTA_ID_CAT_RUTA`)
) ENGINE=InnoDB DEFAULT CHARSET=latin1 AUTO_INCREMENT=1 ;

--
-- Restricciones para tablas volcadas
--

--
-- Filtros para la tabla `cat_barrio`
--
ALTER TABLE `cat_barrio`
  ADD CONSTRAINT `fk_CAT_BARRIO_CAT_MUNICIPIO1` FOREIGN KEY (`CAT_MUNICIPIO_ID_MUNICIPIO`) REFERENCES `cat_municipio` (`ID_MUNICIPIO`) ON DELETE NO ACTION ON UPDATE NO ACTION;

--
-- Filtros para la tabla `cat_estado`
--
ALTER TABLE `cat_estado`
  ADD CONSTRAINT `fk_CAT_ESTADO_CAT_CAB_ESTADO1` FOREIGN KEY (`CAT_CAB_ESTADO_IDCAT_CAB_ESTADO`) REFERENCES `cat_cab_estado` (`IDCAT_CAB_ESTADO`) ON DELETE NO ACTION ON UPDATE NO ACTION;

--
-- Filtros para la tabla `cat_menu`
--
ALTER TABLE `cat_menu`
  ADD CONSTRAINT `fk_CAT_MENU_CAT_ESTADO1` FOREIGN KEY (`CAT_ESTADO_ID_ESTADO`) REFERENCES `cat_estado` (`ID_ESTADO`) ON DELETE NO ACTION ON UPDATE NO ACTION,
  ADD CONSTRAINT `fk_CAT_MENU_CAT_MENU1` FOREIGN KEY (`CAT_MENU_ID_CAT_MENU`) REFERENCES `cat_menu` (`ID_CAT_MENU`) ON DELETE NO ACTION ON UPDATE NO ACTION,
  ADD CONSTRAINT `fk_CAT_MENU_CAT_TIPO_MENU1` FOREIGN KEY (`CAT_TIPO_MENU_ID_TIPO_MENU`) REFERENCES `cat_tipo_menu` (`ID_TIPO_MENU`) ON DELETE NO ACTION ON UPDATE NO ACTION,
  ADD CONSTRAINT `fk_CAT_MENU_USUARIO1` FOREIGN KEY (`USUARIO_ID_USUARIO`) REFERENCES `usuario` (`ID_USUARIO`) ON DELETE NO ACTION ON UPDATE NO ACTION;

--
-- Filtros para la tabla `cat_municipio`
--
ALTER TABLE `cat_municipio`
  ADD CONSTRAINT `fk_CAT_MUNICIPIO_CAT_DEPARTAMENTO1` FOREIGN KEY (`CAT_DEPARTAMENTO_ID_DEPARTAMENTO`) REFERENCES `cat_departamento` (`ID_DEPARTAMENTO`) ON DELETE NO ACTION ON UPDATE NO ACTION;

--
-- Filtros para la tabla `cat_nivel_servicio`
--
ALTER TABLE `cat_nivel_servicio`
  ADD CONSTRAINT `fk_CAT_NIVEL_SERVICIO_CAT_MUNICIPIO1` FOREIGN KEY (`CAT_MUNICIPIO_ID_MUNICIPIO`) REFERENCES `cat_municipio` (`ID_MUNICIPIO`) ON DELETE NO ACTION ON UPDATE NO ACTION,
  ADD CONSTRAINT `fk_CAT_NIVEL_SERVICIO_CAT_SERVICIOS1` FOREIGN KEY (`CAT_SERVICIOS_ID_CAT_SERVICIOS`) REFERENCES `cat_servicios` (`ID_CAT_SERVICIOS`) ON DELETE NO ACTION ON UPDATE NO ACTION,
  ADD CONSTRAINT `fk_CAT_NIVEL_SERVICIO_CAT_TIPO_REPARTO1` FOREIGN KEY (`CAT_TIPO_REPARTO_ID_CAT_TIPO_REPARTO`) REFERENCES `cat_tipo_reparto` (`ID_CAT_TIPO_REPARTO`) ON DELETE NO ACTION ON UPDATE NO ACTION,
  ADD CONSTRAINT `fk_CAT_NIVEL_SERVICIO_RANGO_PESO1` FOREIGN KEY (`RANGO_PESO_ID_RANGO_PESO`) REFERENCES `cat_rango_peso` (`ID_RANGO_PESO`) ON DELETE NO ACTION ON UPDATE NO ACTION;

--
-- Filtros para la tabla `cat_tipo_persona`
--
ALTER TABLE `cat_tipo_persona`
  ADD CONSTRAINT `fk_CAT_TIPO_PERSONA_CAT_TIPO_PERSONA1` FOREIGN KEY (`CAT_TIPO_PERSONA_ID_TIPO_PERSONA`) REFERENCES `cat_tipo_persona` (`ID_TIPO_PERSONA`) ON DELETE NO ACTION ON UPDATE NO ACTION;

--
-- Filtros para la tabla `direccion`
--
ALTER TABLE `direccion`
  ADD CONSTRAINT `fk_DIRECCION_CAT_BARRIO1` FOREIGN KEY (`CAT_BARRIO_ID_BARRIO`) REFERENCES `cat_barrio` (`ID_BARRIO`) ON DELETE NO ACTION ON UPDATE NO ACTION;

--
-- Filtros para la tabla `empresa`
--
ALTER TABLE `empresa`
  ADD CONSTRAINT `fk_EMPRESA_DIRECCION1` FOREIGN KEY (`DIRECCION_ID_DIRECCION`) REFERENCES `direccion` (`ID_DIRECCION`) ON DELETE NO ACTION ON UPDATE NO ACTION;

--
-- Filtros para la tabla `envio`
--
ALTER TABLE `envio`
  ADD CONSTRAINT `fk_ENVIO_CAT_ESTADO1` FOREIGN KEY (`CAT_ESTADO_ID_ESTADO`) REFERENCES `cat_estado` (`ID_ESTADO`) ON DELETE NO ACTION ON UPDATE NO ACTION,
  ADD CONSTRAINT `fk_ENVIO_CAT_RUTA1` FOREIGN KEY (`CAT_RUTA_ID_CAT_RUTA`) REFERENCES `cat_zona` (`ID_ZONA`) ON DELETE NO ACTION ON UPDATE NO ACTION,
  ADD CONSTRAINT `fk_ENVIO_GUIA1` FOREIGN KEY (`GUIA_ID_GUIA`) REFERENCES `guia` (`ID_GUIA`) ON DELETE NO ACTION ON UPDATE NO ACTION,
  ADD CONSTRAINT `fk_ENVIO_PERSONA1` FOREIGN KEY (`PERSONA_ID_PERONA`) REFERENCES `persona` (`ID_PERONA`) ON DELETE NO ACTION ON UPDATE NO ACTION,
  ADD CONSTRAINT `fk_ENVIO_VEHICULO1` FOREIGN KEY (`VEHICULO_ID_VEHICULO`) REFERENCES `vehiculo` (`ID_VEHICULO`) ON DELETE NO ACTION ON UPDATE NO ACTION;

--
-- Filtros para la tabla `guia`
--
ALTER TABLE `guia`
  ADD CONSTRAINT `fk_GUIA_CAT_NIVEL_SERVICIO1` FOREIGN KEY (`CAT_NIVEL_SERVICIO_ID_CAT_NIVEL_SERVICIO`) REFERENCES `cat_nivel_servicio` (`ID_CAT_NIVEL_SERVICIO`) ON DELETE NO ACTION ON UPDATE NO ACTION,
  ADD CONSTRAINT `fk_GUIA_PERSONA1` FOREIGN KEY (`PERSONA_ID_PERONA`) REFERENCES `persona` (`ID_PERONA`) ON DELETE NO ACTION ON UPDATE NO ACTION,
  ADD CONSTRAINT `fk_GUIA_PERSONA2` FOREIGN KEY (`PERSONA_ID_PERONA1`) REFERENCES `persona` (`ID_PERONA`) ON DELETE NO ACTION ON UPDATE NO ACTION;

--
-- Filtros para la tabla `guia_envio`
--
ALTER TABLE `guia_envio`
  ADD CONSTRAINT `fk_GUIA_ENVIO_ENVIO1` FOREIGN KEY (`ENVIO_ID_ENVIO`) REFERENCES `envio` (`ID_ENVIO`) ON DELETE NO ACTION ON UPDATE NO ACTION,
  ADD CONSTRAINT `fk_GUIA_ENVIO_GUIA1` FOREIGN KEY (`GUIA_ID_GUIA`) REFERENCES `guia` (`ID_GUIA`) ON DELETE NO ACTION ON UPDATE NO ACTION;

--
-- Filtros para la tabla `guia_planilla`
--
ALTER TABLE `guia_planilla`
  ADD CONSTRAINT `fk_GUIA_PLANILLA_GUIA1` FOREIGN KEY (`GUIA_ID_GUIA`) REFERENCES `guia` (`ID_GUIA`) ON DELETE NO ACTION ON UPDATE NO ACTION,
  ADD CONSTRAINT `fk_GUIA_PLANILLA_PLANILLA1` FOREIGN KEY (`PLANILLA_ID_PLANILLA`) REFERENCES `planilla` (`ID_PLANILLA`) ON DELETE NO ACTION ON UPDATE NO ACTION;

--
-- Filtros para la tabla `inconsistencias_validacion`
--
ALTER TABLE `inconsistencias_validacion`
  ADD CONSTRAINT `fk_INCONSISTENCIAS_VALIDACION_CAT_MENSAJES1` FOREIGN KEY (`CAT_MENSAJES_ID_MENSAJES`) REFERENCES `cat_mensajes` (`ID_MENSAJES`) ON DELETE NO ACTION ON UPDATE NO ACTION,
  ADD CONSTRAINT `fk_INCONSISTENCIAS_VALIDACION_PREFACTURA1` FOREIGN KEY (`PREFACTURA_ID_PREFACTURA`) REFERENCES `prefactura` (`ID_PREFACTURA`) ON DELETE NO ACTION ON UPDATE NO ACTION;

--
-- Filtros para la tabla `persona`
--
ALTER TABLE `persona`
  ADD CONSTRAINT `fk_PERSONA_CAT_TIPO_IDENTIFICACION1` FOREIGN KEY (`CAT_TIPO_IDENTIFICACION_ID_TIPO_IDENTIFICACION`) REFERENCES `cat_tipo_identificacion` (`ID_TIPO_IDENTIFICACION`) ON DELETE NO ACTION ON UPDATE NO ACTION,
  ADD CONSTRAINT `fk_PERSONA_CAT_TIPO_PERSONA1` FOREIGN KEY (`CAT_TIPO_PERSONA_ID_TIPO_PERSONA`) REFERENCES `cat_tipo_persona` (`ID_TIPO_PERSONA`) ON DELETE NO ACTION ON UPDATE NO ACTION,
  ADD CONSTRAINT `fk_PERSONA_DIRECCION1` FOREIGN KEY (`DIRECCION_ID_DIRECCION`) REFERENCES `direccion` (`ID_DIRECCION`) ON DELETE NO ACTION ON UPDATE NO ACTION;

--
-- Filtros para la tabla `persona_directorio`
--
ALTER TABLE `persona_directorio`
  ADD CONSTRAINT `fk_DIRECTORIO_PERSONA1` FOREIGN KEY (`PERSONA_ID_PERONA`) REFERENCES `persona` (`ID_PERONA`) ON DELETE NO ACTION ON UPDATE NO ACTION,
  ADD CONSTRAINT `fk_PERSONA_DIRECTORIO_CAT_TIPO_TELEFONO1` FOREIGN KEY (`CAT_TIPO_TELEFONO_ID_TIPO_TELEFONO`) REFERENCES `cat_tipo_telefono` (`ID_TIPO_TELEFONO`) ON DELETE NO ACTION ON UPDATE NO ACTION;

--
-- Filtros para la tabla `planilla`
--
ALTER TABLE `planilla`
  ADD CONSTRAINT `fk_PLANILLA_CAT_ESTADO1` FOREIGN KEY (`CAT_ESTADO_ID_ESTADO`) REFERENCES `cat_estado` (`ID_ESTADO`) ON DELETE NO ACTION ON UPDATE NO ACTION,
  ADD CONSTRAINT `fk_PLANILLA_EMPRESA1` FOREIGN KEY (`EMPRESA_ID_EMPRESA`) REFERENCES `empresa` (`ID_EMPRESA`) ON DELETE NO ACTION ON UPDATE NO ACTION;

--
-- Filtros para la tabla `prefactura`
--
ALTER TABLE `prefactura`
  ADD CONSTRAINT `fk_PREFACTURA_GUIA_PLANILLA1` FOREIGN KEY (`GUIA_PLANILLA_ID_GUIA_PLANILLA`) REFERENCES `guia_planilla` (`ID_GUIA_PLANILLA`) ON DELETE NO ACTION ON UPDATE NO ACTION,
  ADD CONSTRAINT `fk_PREFACTURA_PERSONA1` FOREIGN KEY (`PERSONA_ID_PERONA`) REFERENCES `persona` (`ID_PERONA`) ON DELETE NO ACTION ON UPDATE NO ACTION;

--
-- Filtros para la tabla `usuario`
--
ALTER TABLE `usuario`
  ADD CONSTRAINT `fk_USUARIO_CAT_ROL` FOREIGN KEY (`CAT_ROL_ID_ROL`) REFERENCES `cat_rol` (`ID_ROL`) ON DELETE NO ACTION ON UPDATE NO ACTION,
  ADD CONSTRAINT `fk_USUARIO_PERSONA1` FOREIGN KEY (`PERSONA_ID_PERONA`) REFERENCES `persona` (`ID_PERONA`) ON DELETE NO ACTION ON UPDATE NO ACTION;

--
-- Filtros para la tabla `vitacora_guia`
--
ALTER TABLE `vitacora_guia`
  ADD CONSTRAINT `fk_VITACORA_GUIA_CAT_ESTADO1` FOREIGN KEY (`CAT_ESTADO_ID_ESTADO`) REFERENCES `cat_estado` (`ID_ESTADO`) ON DELETE NO ACTION ON UPDATE NO ACTION,
  ADD CONSTRAINT `fk_VITACORA_GUIA_GUIA1` FOREIGN KEY (`GUIA_ID_GUIA`) REFERENCES `guia` (`ID_GUIA`) ON DELETE NO ACTION ON UPDATE NO ACTION;

--
-- Filtros para la tabla `zona_barrio`
--
ALTER TABLE `zona_barrio`
  ADD CONSTRAINT `fk_ZONA_BARRIO_CAT_BARRIO1` FOREIGN KEY (`CAT_BARRIO_ID_BARRIO`) REFERENCES `cat_barrio` (`ID_BARRIO`) ON DELETE NO ACTION ON UPDATE NO ACTION,
  ADD CONSTRAINT `fk_ZONA_BARRIO_CAT_RUTA1` FOREIGN KEY (`CAT_RUTA_ID_CAT_RUTA`) REFERENCES `cat_zona` (`ID_ZONA`) ON DELETE NO ACTION ON UPDATE NO ACTION;

/*!40101 SET CHARACTER_SET_CLIENT=@OLD_CHARACTER_SET_CLIENT */;
/*!40101 SET CHARACTER_SET_RESULTS=@OLD_CHARACTER_SET_RESULTS */;
/*!40101 SET COLLATION_CONNECTION=@OLD_COLLATION_CONNECTION */;
